Workbook

Sheet HOOFDBLAD
A1: Categorie | B1: Naam | C1: Link | D1: SheetId | E1: SortKey
A2: DEF VOORRAAD | B2: BB | DEF voorraad D&K | C2: Openen | D2: 1464683095 | E2: DEF VOORRAAD
A3: DEF VOORRAAD | B3: BB | DEF voorraad PICKUPS | C3: Openen | D3: 676878321 | E3: DEF VOORRAAD
A4: DEF VOORRAAD | B4: BB | DEF voorraad PLANTSOME | C4: Openen | D4: 1979170386 | E4: DEF VOORRAAD
A5: INPUT | B5: BB | Input - draaitable Pickups | C5: Openen | D5: 1542866148 | E5: INPUT
A6: INPUT | B6: BB | Input D&K | C6: Openen | D6: 1469470261 | E6: INPUT
A7: INPUT | B7: BB | Input PICKUPS | C7: Openen | D7: 0 | E7: INPUT
A8: INPUT | B8: BB | Input PLANTSOME | C8: Openen | D8: 359113496 | E8: INPUT
A9: OVERIG | B9: BB | D&K Draaitable | C9: Openen | D9: 1446350510 | E9: OVERIG
A10: OVERIG | B10: Detail3-ENSCHEDE DE WIECKSE | C10: Openen | D10: 1975234017 | E10: OVERIG
A11: OVERIG | B11: Draaitabel 3 | C11: Openen | D11: 2028403462 | E11: OVERIG
A12: OVERIG | B12: Email|data-w1 | C12: Openen | D12: 1385741807 | E12: OVERIG
A13: OVERIG | B13: GOUDA - Namelijst | C13: Openen | D13: 2121429765 | E13: OVERIG
... A41: TRANSPORT | B41: TR | Utrecht-STECK-27-11 | C41: Openen | D41: 1699637074 | E41: TRANSPORT

Sheet Totaaloverzicht D&K 2025-12-01 
A1: Categorie | B1: Verkocht | C1: Begin Voorraad | D1: Voorraad Resterend
A2: MET-100-125 | B2: 47 | C2: =IFERROR(VLOOKUP(A2,'BB | DEF voorraad D&K'!A:B,2,FALSE),0) -> 78 | D2: =C2-B2 -> 31
A3: MET-125-150 | B3: 80 | C3: =IFERROR(VLOOKUP(A3,'BB | DEF voorraad D&K'!A:B,2,FALSE),0) -> 85 | D3: =C3-B3 -> 5
A5: Total | B5: 127
A7: Grand Totaal | B7: 127

Sheet BB | Input PICKUPS
A1: Line: SKU | B1: Additional Details | C1: Pickup-Day | D1: Pickup-Date | E1: Pickup-Time | F1: Pickup-Location-Company | G1: Name | H1: Line: Variant SKU | I1: ID | J1: Tags | K1: Line: Product Type | L1: Line: Name | M1: Line: Quantity | N1: Line: Product Handle | O1: Line: Title | P1: Line: Fulfillment Status | Q1: Line: Type | R1: Line: ID | S1: Order Fulfillment Status | T1: Note | U1: Fulfillment: Status | V1: Boomtype
A2: UTRECHT-STECK-BOOM-MET-BORG-150-175 | B2: Pickup-Location-Id: 302654 Pickup-Day: saturday Pickup-Date: 2025/11/29 Pickup-Location-Company: UTRECHT - Steck Pickup-Location-Address-Line-1: Gageldijk 3 Pickup-Location-City: Utrecht Pickup-Location-Postal-Code: 3566 ME Pickup-Location-Country: Netherlands Checkout-Method: pickup Pickup-Time: | C2: saturday | D2: 45990 | F2: UTRECHT - Steck | G2: #BB-25-6886 | H2: UTRECHT-STECK-BOOM-MET-BORG-150-175 | I2: 10399266046275 | J2: 29-11-2025, Pickup Order, Saturday, UTRECHT-STECK | L2: Utrecht Steck - BB met kluit (incl. €10 borg) - 150-175 cm | M2: 1 | N2: ut-vandestreek-boom-met-borg | O2: Utrecht Steck - BB met kluit (incl. €10 borg) | P2: fulfilled | Q2: Line Item | R2: 32610112209219 | S2: fulfilled | V2: MET-150-175
A3: UTRECHT-STECK-BOOM-MET-BORG-175-200 | B3: Pickup-Location-Id: 302654 Pickup-Day: saturday Pickup-Date: 2025/11/29 Pickup-Location-Company: UTRECHT - Steck Pickup-Location-Address-Line-1: Gageldijk 3 Pickup-Location-City: Utrecht Pickup-Location-Postal-Code: 3566 ME Pickup-Location-Country: Netherlands Checkout-Method: pickup Pickup-Time: | C3: saturday | D3: 45990 | F3: UTRECHT - Steck | G3: #BB-25-6906 | H3: UTRECHT-STECK-BOOM-MET-BORG-175-200 | I3: 10406955221315 | J3: 29-11-2025, Pickup Order, Saturday, UTRECHT-STECK | L3: Utrecht Steck - BB met kluit (incl. €10 borg) - 175-200 cm | M3: 1 | N3: ut-vandestreek-boom-met-borg | O3: Utrecht Steck - BB met kluit (incl. €10 borg) | P3: fulfilled | Q3: Line Item | R3: 32629987901763 | S3: fulfilled | V3: MET-175-200
A4: UTRECHT-STECK-BOOM-MET-BORG-125-150 | B4: Pickup-Location-Id: 302654 Pickup-Day: saturday Pickup-Date: 2025/11/29 Pickup-Location-Company: UTRECHT - Steck Pickup-Location-Address-Line-1: Gageldijk 3 Pickup-Location-City: Utrecht Pickup-Location-Postal-Code: 3566 ME Pickup-Location-Country: Netherlands Checkout-Method: pickup Pickup-Time: | C4: saturday | D4: 45990 | F4: UTRECHT - Steck | G4: #BB-25-6917 | H4: UTRECHT-STECK-BOOM-MET-BORG-125-150 | I4: 10408696578371 | J4: 29-11-2025, Pickup Order, Saturday, UTRECHT-STECK | L4: Utrecht Steck - BB met kluit (incl. €10 borg) - 125-150 cm | M4: 1 | N4: ut-vandestreek-boom-met-borg | O4: Utrecht Steck - BB met kluit (incl. €10 borg) | P4: fulfilled | Q4: Line Item | R4: 32633448399171 | S4: fulfilled | V4: MET-125-150
A5: UTRECHT-STECK-BOOM-ZONDER-150-175 | B5: Pickup-Location-Id: 302654 Pickup-Day: saturday Pickup-Date: 2025/11/29 Pickup-Location-Company: UTRECHT - Steck Pickup-Location-Address-Line-1: Gageldijk 3 Pickup-Location-City: Utrecht Pickup-Location-Postal-Code: 3566 ME Pickup-Location-Country: Netherlands Checkout-Method: pickup Pickup-Time: | C5: saturday | D5: 45990 | F5: UTRECHT - Steck | G5: #BB-25-6949 | H5: UTRECHT-STECK-BOOM-ZONDER-150-175 | I5: 10413020873027 | J5: 29-11-2025, Pickup Order, Saturday, UTRECHT-STECK, WAKE-UP | L5: Utrecht Steck - BB zonder kluit - 150-175 cm | M5: 1 | N5: ut-vandestreek-boom-zonder | O5: Utrecht Steck - BB zonder kluit | P5: fulfilled | Q5: Line Item | R5: 32642203189571 | S5: fulfilled | V5: ZONDER-150-175
A6: UTRECHT-STECK-BOOM-MET-BORG-150-175 | B6: Pickup-Location-Id: 302654 Pickup-Day: saturday Pickup-Date: 2025/11/29 Pickup-Location-Company: UTRECHT - Steck Pickup-Location-Address-Line-1: Gageldijk 3 Pickup-Location-City: Utrecht Pickup-Location-Postal-Code: 3566 ME Pickup-Location-Country: Netherlands Checkout-Method: pickup Pickup-Time: | C6: saturday | D6: 45990 | F6: UTRECHT - Steck | G6: #BB-25-6954 | H6: UTRECHT-STECK-BOOM-MET-BORG-150-175 | I6: 10414036320579 | J6: 29-11-2025, Pickup Order, Saturday, UTRECHT-STECK, WAKE-UP | L6: Utrecht Steck - BB met kluit (incl. €10 borg) - 150-175 cm | M6: 1 | N6: ut-vandestreek-boom-met-borg | O6: Utrecht Steck - BB met kluit (incl. €10 borg) | P6: fulfilled | Q6: Line Item | R6: 32644273996099 | S6: fulfilled | V6: MET-150-175
A7: UTRECHT-STECK-BOOM-MET-BORG-125-150 | B7: Pickup-Location-Id: 302654 Pickup-Day: saturday Pickup-Date: 2025/11/29 Pickup-Location-Company: UTRECHT - Steck Pickup-Location-Address-Line-1: Gageldijk 3 Pickup-Location-City: Utrecht Pickup-Location-Postal-Code: 3566 ME Pickup-Location-Country: Netherlands Checkout-Method: pickup Pickup-Time: | C7: saturday | D7: 45990 | F7: UTRECHT - Steck | G7: #BB-25-6971 | H7: UTRECHT-STECK-BOOM-MET-BORG-125-150 | I7: 10419122635075 | J7: 29-11-2025, Pickup Order, Saturday, UTRECHT-STECK, WAKE-UP | L7: Utrecht Steck - BB met kluit (incl. €10 borg) - 125-150 cm | M7: 1 | N7: ut-vandestreek-boom-met-borg | O7: Utrecht Steck - BB met kluit (incl. €10 borg) | P7: fulfilled | Q7: Line Item | R7: 32657251434819 | S7: fulfilled | V7: MET-125-150
A8: GOUDA-STADSKANT-BOOM-MET-BORG-100-125 | B8: Pickup-Location-Id: 278027 Pickup-Day: saturday Pickup-Date: 2025/11/29 Pickup-Time: 12\:45 PM Pickup-Location-Company: GOUDA - Stadskant Pickup-Location-Address-Line-1: Agnietenstraat 19 Pickup-Location-City: Gouda Pickup-Location-Postal-Code: 2801 GH Pickup-Location-Country: Netherlands Checkout-Method: pickup | C8: saturday | D8: 45990 | E8: 12\:45 PM | F8: GOUDA - Stadskant | G8: #BB-25-7005 | H8: GOUDA-STADSKANT-BOOM-MET-BORG-100-125 | I8: 10424394940739 | J8: 12:45, 29-11-2025, GOUDA, Pickup Order, Saturday, WAKE-UP | L8: Gouda Stadskant - BB met kluit (incl. €10 borg) - 100-125 cm | M8: 1 | N8: gd-stadskant-boom-met-borg | O8: Gouda Stadskant - BB met kluit (incl. €10 borg) | P8: fulfilled | Q8: Line Item | R8: 32668014674243 | S8: fulfilled | V8: MET-100-125
A9: UTRECHT-STECK-BOOM-MET-BORG-125-150 | B9: Pickup-Location-Id: 302654 Pickup-Day: saturday Pickup-Date: 2025/11/29 Pickup-Location-Company: UTRECHT - Steck Pickup-Location-Address-Line-1: Gageldijk 3 Pickup-Location-City: Utrecht Pickup-Location-Postal-Code: 3566 ME Pickup-Location-Country: Netherlands Checkout-Method: pickup Pickup-Time: | C9: saturday | D9: 45990 | F9: UTRECHT - Steck | G9: #BB-25-7007 | H9: UTRECHT-STECK-BOOM-MET-BORG-125-150 | I9: 10424775803203 | J9: 29-11-2025, Pickup Order, Saturday, UTRECHT-STECK, WAKE-UP | L9: Utrecht Steck - BB met kluit (incl. €10 borg) - 125-150 cm | M9: 1 | N9: ut-vandestreek-boom-met-borg | O9: Utrecht Steck - BB met kluit (incl. €10 borg) | P9: fulfilled | Q9: Line Item | R9: 32668830531907 | S9: fulfilled | V9: MET-125-150
A10: GOUDA-STADSKANT-BOOM-MET-BORG-100-125 | B10: Pickup-Location-Id: 278027 Pickup-Day: saturday Pickup-Date: 2025/11/29 Pickup-Time: 3\:45 PM Pickup-Location-Company: GOUDA - Stadskant Pickup-Location-Address-Line-1: Agnietenstraat 19 Pickup-Location-City: Gouda Pickup-Location-Postal-Code: 2801 GH Pickup-Location-Country: Netherlands Checkout-Method: pickup | C10: saturday | D10: 45990 | E10: 3\:45 PM | F10: GOUDA - Stadskant | G10: #BB-25-7024 | H10: GOUDA-STADSKANT-BOOM-MET-BORG-100-125 | I10: 10427177795907 | J10: 15:45, 29-11-2025, GOUDA, Pickup Order, Saturday, WAKE-UP | L10: Gouda Stadskant - BB met kluit (incl. €10 borg) - 100-125 cm | M10: 1 | N10: gd-stadskant-boom-met-borg | O10: Gouda Stadskant - BB met kluit (incl. €10 borg) | P10: fulfilled | Q10: Line Item | R10: 32674036547907 | S10: fulfilled | V10: MET-100-125
A11: UTRECHT-STECK-BOOM-MET-BORG-125-150 | B11: Pickup-Location-Id: 302654 Pickup-Day: saturday Pickup-Date: 2025/11/29 Pickup-Location-Company: UTRECHT - Steck Pickup-Location-Address-Line-1: Gageldijk 3 Pickup-Location-City: Utrecht Pickup-Location-Postal-Code: 3566 ME Pickup-Location-Country: Netherlands Checkout-Method: pickup Pickup-Time: | C11: saturday | D11: 45990 | F11: UTRECHT - Steck | G11: #BB-25-7077 | H11: UTRECHT-STECK-BOOM-MET-BORG-125-150 | I11: 10432715096387 | J11: 29-11-2025, Pickup Order, Saturday, UTRECHT-STECK, WAKE-UP | L11: Utrecht Steck - BB met kluit (incl. €10 borg) - 125-150 cm | M11: 1 | N11: ut-vandestreek-boom-met-borg | O11: Utrecht Steck - BB met kluit (incl. €10 borg) | P11: fulfilled | Q11: Line Item | R11: 32686194884931 | S11: fulfilled | V11: MET-125-150
A12: UTRECHT-STECK-BOOM-MET-BORG-150-175 | B12: Pickup-Location-Id: 302654 Pickup-Day: saturday Pickup-Date: 2025/11/29 Pickup-Location-Company: UTRECHT - Steck Pickup-Location-Address-Line-1: Gageldijk 3 Pickup-Location-City: Utrecht Pickup-Location-Postal-Code: 3566 ME Pickup-Location-Country: Netherlands Checkout-Method: pickup Pickup-Time: | C12: saturday | D12: 45990 | F12: UTRECHT - Steck | G12: #BB-25-7090 | H12: UTRECHT-STECK-BOOM-MET-BORG-150-175 | I12: 10433588560195 | J12: 29-11-2025, Pickup Order, Saturday, UTRECHT-STECK, WAKE-UP | L12: Utrecht Steck - BB met kluit (incl. €10 borg) - 150-175 cm | M12: 1 | N12: ut-vandestreek-boom-met-borg | O12: Utrecht Steck - BB met kluit (incl. €10 borg) | P12: fulfilled | Q12: Line Item | R12: 32688101622083 | S12: fulfilled | V12: MET-150-175
A13: UTRECHT-STECK-BOOM-ZONDER-175-200 | B13: Pickup-Location-Id: 302654 Pickup-Day: saturday Pickup-Date: 2025/11/29 Pickup-Location-Company: UTRECHT - Steck Pickup-Location-Address-Line-1: Gageldijk 3 Pickup-Location-City: Utrecht Pickup-Location-Postal-Code: 3566 ME Pickup-Location-Country: Netherlands Checkout-Method: pickup Pickup-Time: | C13: saturday | D13: 45990 | F13: UTRECHT - Steck | G13: #BB-25-7203 | H13: UTRECHT-STECK-BOOM-ZONDER-175-200 | I13: 10436825284931 | J13: 29-11-2025, Pickup Order, Saturday, UTRECHT-STECK, WAKE-UP | L13: Utrecht Steck - BB zonder kluit - 175-200 cm | M13: 1 | N13: ut-vandestreek-boom-zonder | O13: Utrecht Steck - BB zonder kluit | P13: fulfilled | Q13: Line Item | R13: 32695174299971 | S13: fulfilled | V13: ZONDER-175-200
A14: UTRECHT-STECK-BOOM-MET-BORG-125-150 | B14: Pickup-Location-Id: 302654 Pickup-Day: saturday Pickup-Date: 2025/11/29 Pickup-Location-Company: UTRECHT - Steck Pickup-Location-Address-Line-1: Gageldijk 3 Pickup-Location-City: Utrecht Pickup-Location-Postal-Code: 3566 ME Pickup-Location-Country: Netherlands Checkout-Method: pickup Pickup-Time: | C14: saturday | D14: 45990 | F14: UTRECHT - Steck | G14: #BB-25-7192 | H14: UTRECHT-STECK-BOOM-MET-BORG-125-150 | I14: 10436736745795 | J14: 29-11-2025, Pickup Order, Saturday, UTRECHT-STECK, WAKE-UP | L14: Utrecht Steck - BB met kluit (incl. €10 borg) - 125-150 cm | M14: 1 | N14: ut-vandestreek-boom-met-borg | O14: Utrecht Steck - BB met kluit (incl. €10 borg) | P14: fulfilled | Q14: Line Item | R14: 32694985556291 | S14: fulfilled | V14: MET-125-150
A15: UTRECHT-STECK-BOOM-ZONDER-250-300 | B15: Pickup-Location-Id: 302654 Pickup-Day: saturday Pickup-Date: 2025/11/29 Pickup-Location-Company: UTRECHT - Steck Pickup-Location-Address-Line-1: Gageldijk 3 Pickup-Location-City: Utrecht Pickup-Location-Postal-Code: 3566 ME Pickup-Location-Country: Netherlands Checkout-Method: pickup Pickup-Time: | C15: saturday | D15: 45990 | F15: UTRECHT - Steck | G15: #BB-25-7238 | H15: UTRECHT-STECK-BOOM-ZONDER-250-300 | I15: 10437126816067 | J15: 29-11-2025, Pickup Order, Saturday, UTRECHT-STECK, WAKE-UP | L15: Utrecht Steck - BB zonder kluit - 250-300 cm | M15: 1 | N15: ut-vandestreek-boom-zonder | O15: Utrecht Steck - BB zonder kluit | P15: fulfilled | Q15: Line Item | R15: 32695836410179 | S15: fulfilled | V15: ZONDER-250-300
A16: UTRECHT-STECK-BOOM-MET-BORG-125-150 | B16: Pickup-Location-Id: 302654 Pickup-Day: saturday Pickup-Date: 2025/11/29 Pickup-Time: 11\:00 AM Pickup-Location-Company: UTRECHT - Steck Pickup-Location-Address-Line-1: Gageldijk 3 Pickup-Location-City: Utrecht Pickup-Location-Postal-Code: 3566 ME Pickup-Location-Country: Netherlands Checkout-Method: pickup | C16: saturday | D16: 45990 | E16: 11\:00 AM | F16: UTRECHT - Steck | G16: #BB-25-7390 | H16: UTRECHT-STECK-BOOM-MET-BORG-125-150 | I16: 10440909881667 | J16: 11:00, 29-11-2025, Pickup Order, Saturday, UTRECHT-STECK, WAKE-UP | L16: Utrecht Steck - BB met kluit (incl. €10 borg) - 125-150 cm | M16: 1 | N16: ut-vandestreek-boom-met-borg | O16: Utrecht Steck - BB met kluit (incl. €10 borg) | P16: fulfilled | Q16: Line Item | R16: 32704053248323 | S16: fulfilled | V16: MET-125-150
A17: UTRECHT-STECK-BOOM-MET-BORG-125-150 | B17: Pickup-Location-Id: 302654 Pickup-Day: saturday Pickup-Date: 2025/11/29 Pickup-Time: 10\:30 AM Pickup-Location-Company: UTRECHT - Steck Pickup-Location-Address-Line-1: Gageldijk 3 Pickup-Location-City: Utrecht Pickup-Location-Postal-Code: 3566 ME Pickup-Location-Country: Netherlands Checkout-Method: pickup | C17: saturday | D17: 45990 | E17: 10\:30 AM | F17: UTRECHT - Steck | G17: #BB-25-7477 | H17: UTRECHT-STECK-BOOM-MET-BORG-125-150 | I17: 10445230309699 | J17: 10:30, 29-11-2025, Pickup Order, Saturday, UTRECHT-STECK, WAKE-UP | L17: Utrecht Steck - BB met kluit (incl. €10 borg) - 125-150 cm | M17: 1 | N17: ut-vandestreek-boom-met-borg | O17: Utrecht Steck - BB met kluit (incl. €10 borg) | P17: fulfilled | Q17: Line Item | R17: 32716408226115 | S17: fulfilled | V17: MET-125-150
A18: UTRECHT-STECK-BOOM-MET-BORG-100-125 | B18: Pickup-Location-Id: 302654 Pickup-Day: saturday Pickup-Date: 2025/11/29 Pickup-Time: 11\:00 AM Pickup-Location-Company: UTRECHT - Steck Pickup-Location-Address-Line-1: Gageldijk 3 Pickup-Location-City: Utrecht Pickup-Location-Postal-Code: 3566 ME Pickup-Location-Country: Netherlands Checkout-Method: pickup | C18: saturday | D18: 45990 | E18: 11\:00 AM | F18: UTRECHT - Steck | G18: #BB-25-7542 | H18: UTRECHT-STECK-BOOM-MET-BORG-100-125 | I18: 10448258072899 | J18: 11:00, 29-11-2025, Pickup Order, Saturday, UTRECHT-STECK, WAKE-UP | L18: Utrecht Steck - BB met kluit (incl. €10 borg) - 100-125 cm | M18: 1 | N18: ut-vandestreek-boom-met-borg | O18: Utrecht Steck - BB met kluit (incl. €10 borg) | P18: fulfilled | Q18: Line Item | R18: 32723737674051 | S18: fulfilled | V18: MET-100-125
A19: UTRECHT-STECK-BOOM-MET-BORG-100-125 | B19: Pickup-Location-Id: 302654 Pickup-Day: saturday Pickup-Date: 2025/11/29 Pickup-Time: 11\:30 AM Pickup-Location-Company: UTRECHT - Steck Pickup-Location-Address-Line-1: Gageldijk 3 Pickup-Location-City: Utrecht Pickup-Location-Postal-Code: 3566 ME Pickup-Location-Country: Netherlands Checkout-Method: pickup | C19: saturday | D19: 45990 | E19: 11\:30 AM | F19: UTRECHT - Steck | G19: #BB-25-7596 | H19: UTRECHT-STECK-BOOM-MET-BORG-100-125 | I19: 10449573937475 | J19: 11:30, 29-11-2025, Pickup Order, Saturday, UTRECHT-STECK, WAKE-UP | L19: Utrecht Steck - BB met kluit (incl. €10 borg) - 100-125 cm | M19: 1 | N19: ut-vandestreek-boom-met-borg | O19: Utrecht Steck - BB met kluit (incl. €10 borg) | P19: fulfilled | Q19: Line Item | R19: 32726730735939 | S19: fulfilled | V19: MET-100-125
A20: UTRECHT-STECK-BOOM-ZONDER-150-175 | B20: Pickup-Location-Id: 302654 Pickup-Day: saturday Pickup-Date: 2025/11/29 Pickup-Time: 12\:00 PM Pickup-Location-Company: UTRECHT - Steck Pickup-Location-Address-Line-1: Gageldijk 3 Pickup-Location-City: Utrecht Pickup-Location-Postal-Code: 3566 ME Pickup-Location-Country: Netherlands Checkout-Method: pickup | C20: saturday | D20: 45990 | E20: 12\:00 PM | F20: UTRECHT - Steck | G20: #BB-25-7607 | H20: UTRECHT-STECK-BOOM-ZONDER-150-175 | I20: 10449865212227 | J20: 12:00, 29-11-2025, Pickup Order, Saturday, UTRECHT-STECK, WAKE-UP | L20: Utrecht Steck - BB zonder kluit - 150-175 cm | M20: 1 | N20: ut-vandestreek-boom-zonder | O20: Utrecht Steck - BB zonder kluit | P20: fulfilled | Q20: Line Item | R20: 32727416144195 | S20: fulfilled | V20: ZONDER-150-175
A21: UTRECHT-STECK-BOOM-MET-BORG-150-175 | B21: Pickup-Location-Id: 302654 Pickup-Day: saturday Pickup-Date: 2025/11/29 Pickup-Time: 10\:00 AM Pickup-Location-Company: UTRECHT - Steck Pickup-Location-Address-Line-1: Gageldijk 3 Pickup-Location-City: Utrecht Pickup-Location-Postal-Code: 3566 ME Pickup-Location-Country: Netherlands Checkout-Method: pickup | C21: saturday | D21: 45990 | E21: 10\:00 AM | F21: UTRECHT - Steck | G21: #BB-25-7637 | H21: UTRECHT-STECK-BOOM-MET-BORG-150-175 | I21: 10450714460483 | J21: 10:00, 29-11-2025, Pickup Order, Saturday, UTRECHT-STECK, WAKE-UP | L21: Utrecht Steck - BB met kluit (incl. €10 borg) - 150-175 cm | M21: 1 | N21: ut-vandestreek-boom-met-borg | O21: Utrecht Steck - BB met kluit (incl. €10 borg) | P21: fulfilled | Q21: Line Item | R21: 32729372229955 | S21: fulfilled | V21: MET-150-175
A22: UTRECHT-STECK-BOOM-MET-BORG-150-175 | B22: Pickup-Location-Id: 302654 Pickup-Day: saturday Pickup-Date: 2025/11/29 Pickup-Time: 11\:00 AM Pickup-Location-Company: UTRECHT - Steck Pickup-Location-Address-Line-1: Gageldijk 3 Pickup-Location-City: Utrecht Pickup-Location-Postal-Code: 3566 ME Pickup-Location-Country: Netherlands Checkout-Method: pickup | C22: saturday | D22: 45990 | E22: 11\:00 AM | F22: UTRECHT - Steck | G22: #BB-25-7636 | H22: UTRECHT-STECK-BOOM-MET-BORG-150-175 | I22: 10450709545283 | J22: 11:00, 29-11-2025, Pickup Order, Saturday, UTRECHT-STECK, WAKE-UP | L22: Utrecht Steck - BB met kluit (incl. €10 borg) - 150-175 cm | M22: 1 | N22: ut-vandestreek-boom-met-borg | O22: Utrecht Steck - BB met kluit (incl. €10 borg) | P22: fulfilled | Q22: Line Item | R22: 32729360335171 | S22: fulfilled | V22: MET-150-175
A23: UTRECHT-STECK-BOOM-ZONDER-150-175 | B23: Pickup-Location-Id: 302654 Pickup-Day: saturday Pickup-Date: 2025/11/29 Pickup-Time: 12\:00 PM Pickup-Location-Company: UTRECHT - Steck Pickup-Location-Address-Line-1: Gageldijk 3 Pickup-Location-City: Utrecht Pickup-Location-Postal-Code: 3566 ME Pickup-Location-Country: Netherlands Checkout-Method: pickup | C23: saturday | D23: 45990 | E23: 12\:00 PM | F23: UTRECHT - Steck | G23: #BB-25-7688 | H23: UTRECHT-STECK-BOOM-ZONDER-150-175 | I23: 10451223740739 | J23: 12:00, 29-11-2025, Pickup Order, Saturday, UTRECHT-STECK, WAKE-UP | L23: Utrecht Steck - BB zonder kluit - 150-175 cm | M23: 1 | N23: ut-vandestreek-boom-zonder | O23: Utrecht Steck - BB zonder kluit | P23: fulfilled | Q23: Line Item | R23: 32730488013123 | S23: fulfilled | V23: ZONDER-150-175
A24: GOUDA-STADSKANT-BOOM-ZONDER-175-200 | B24: Pickup-Location-Id: 278027 Pickup-Day: saturday Pickup-Date: 2025/11/29 Pickup-Time: 2\:45 PM Pickup-Location-Company: GOUDA - Stadskant Pickup-Location-Address-Line-1: Agnietenstraat 19 Pickup-Location-City: Gouda Pickup-Location-Postal-Code: 2801 GH Pickup-Location-Country: Netherlands Checkout-Method: pickup | C24: saturday | D24: 45990 | E24: 2\:45 PM | F24: GOUDA - Stadskant | G24: #BB-25-7785 | H24: GOUDA-STADSKANT-BOOM-ZONDER-175-200 | I24: 10451648479555 | J24: 14:45, 29-11-2025, GOUDA, Pickup Order, Saturday, WAKE-UP | L24: Gouda Stadskant - BB zonder kluit - 175-200 cm | M24: 1 | N24: gd-stadskant-boom-zonder | O24: Gouda Stadskant - BB zonder kluit | P24: fulfilled | Q24: Line Item | R24: 32731453555011 | S24: fulfilled | V24: ZONDER-175-200
A25: GOUDA-STADSKANT-BOOM-MET-BORG-125-150 | B25: Pickup-Location-Id: 278027 Pickup-Day: saturday Pickup-Date: 2025/11/29 Pickup-Time: 2\:15 PM Pickup-Location-Company: GOUDA - Stadskant Pickup-Location-Address-Line-1: Agnietenstraat 19 Pickup-Location-City: Gouda Pickup-Location-Postal-Code: 2801 GH Pickup-Location-Country: Netherlands Checkout-Method: pickup | C25: saturday | D25: 45990 | E25: 2\:15 PM | F25: GOUDA - Stadskant | G25: #BB-25-7808 | H25: GOUDA-STADSKANT-BOOM-MET-BORG-125-150 | I25: 10451855900995 | J25: 14:15, 29-11-2025, GOUDA, Pickup Order, Saturday, WAKE-UP | L25: Gouda Stadskant - BB met kluit (incl. €10 borg) - 125-150 cm | M25: 1 | N25: gd-stadskant-boom-met-borg | O25: Gouda Stadskant - BB met kluit (incl. €10 borg) | P25: fulfilled | Q25: Line Item | R25: 32731916697923 | S25: fulfilled | V25: MET-125-150
A26: UTRECHT-STECK-BOOM-ZONDER-200-250 | B26: Pickup-Location-Id: 302654 Pickup-Day: saturday Pickup-Date: 2025/11/29 Pickup-Time: 10\:30 AM Pickup-Location-Company: UTRECHT - Steck Pickup-Location-Address-Line-1: Gageldijk 3 Pickup-Location-City: Utrecht Pickup-Location-Postal-Code: 3566 ME Pickup-Location-Country: Netherlands Checkout-Method: pickup | C26: saturday | D26: 45990 | E26: 10\:30 AM | F26: UTRECHT - Steck | G26: #BB-25-7892 | H26: UTRECHT-STECK-BOOM-ZONDER-200-250 | I26: 10452688666947 | J26: 10:30, 29-11-2025, Pickup Order, Saturday, UTRECHT-STECK, WAKE-UP | L26: Utrecht Steck - BB zonder kluit - 200-250 cm | M26: 1 | N26: ut-vandestreek-boom-zonder | O26: Utrecht Steck - BB zonder kluit | P26: fulfilled | Q26: Line Item | R26: 32733898375491 | S26: fulfilled | V26: ZONDER-200-250
A27: GOUDA-STADSKANT-BOOM-MET-BORG-125-150 | B27: Pickup-Location-Id: 278027 Pickup-Day: saturday Pickup-Date: 2025/11/29 Pickup-Time: 11\:15 AM Pickup-Location-Company: GOUDA - Stadskant Pickup-Location-Address-Line-1: Agnietenstraat 19 Pickup-Location-City: Gouda Pickup-Location-Postal-Code: 2801 GH Pickup-Location-Country: Netherlands Checkout-Method: pickup | C27: saturday | D27: 45990 | E27: 11\:15 AM | F27: GOUDA - Stadskant | G27: #BB-25-7934 | H27: GOUDA-STADSKANT-BOOM-MET-BORG-125-150 | I27: 10453310079299 | J27: 11:15, 29-11-2025, GOUDA, Pickup Order, Saturday, WAKE-UP | L27: Gouda Stadskant - BB met kluit (incl. €10 borg) - 125-150 cm | M27: 1 | N27: gd-stadskant-boom-met-borg | O27: Gouda Stadskant - BB met kluit (incl. €10 borg) | P27: fulfilled | Q27: Line Item | R27: 32735315493187 | S27: fulfilled | V27: MET-125-150
... A62: UTRECHT-STECK-BOOM-MET-BORG-125-150 | B62: Pickup-Location-Id: 302654 Pickup-Day: saturday Pickup-Date: 2025/11/29 Pickup-Time: 4\:00 PM Pickup-Location-Company: UTRECHT - Steck Pickup-Location-Address-Line-1: Gageldijk 3 Pickup-Location-City: Utrecht Pickup-Location-Postal-Code: 3566 ME Pickup-Location-Country: Netherlands Checkout-Method: pickup | C62: saturday | D62: 45990 | E62: 4\:00 PM | F62: UTRECHT - Steck | G62: #BB-25-9522 | H62: UTRECHT-STECK-BOOM-MET-BORG-125-150 | I62: 10486846193987 | J62: 16:00, 29-11-2025, Pickup Order, Saturday, UTRECHT-STECK | L62: Utrecht Steck - BB met kluit (incl. €10 borg) - Ophalen eerste week - 125-150 cm | M62: 1 | N62: utrecht-steck-bb-met-kluit-incl-10-borg-w1 | O62: Utrecht Steck - BB met kluit (incl. €10 borg) - Ophalen eerste week | P62: fulfilled | Q62: Line Item | R62: 32812691390787 | S62: fulfilled | V62: MET-125-150
A63: UTRECHT-STECK-BOOM-MET-BORG-175-200 | B63: Pickup-Location-Id: 302654 Pickup-Day: sunday Pickup-Date: 2025/12/07 Pickup-Location-Company: UTRECHT - Steck Pickup-Location-Address-Line-1: Gageldijk 3 Pickup-Location-City: Utrecht Pickup-Location-Postal-Code: 3566 ME Pickup-Location-Country: Netherlands Checkout-Method: pickup Pickup-Time: | C63: sunday | D63: 45998 | F63: UTRECHT - Steck | G63: #BB-25-6872 | H63: UTRECHT-STECK-BOOM-MET-BORG-175-200 | I63: 10395093729603 | J63: 07-12-2025, Pickup Order, Sunday, UTRECHT-STECK | L63: Utrecht Steck - BB met kluit (incl. €10 borg) - 175-200 cm | M63: 1 | N63: ut-vandestreek-boom-met-borg | O63: Utrecht Steck - BB met kluit (incl. €10 borg) | Q63: Line Item | R63: 32601734152515 | V63: MET-175-200
A64: EDE-KANTINE-GEBOUW-ENKA-BOOM-MET-BORG-125-150 | B64: Pickup-Location-Id: 278861 Pickup-Day: saturday Pickup-Date: 2025/12/06 Pickup-Time: 10\:30 AM Pickup-Location-Company: EDE - Kantine gebouw Enka Pickup-Location-Address-Line-1: Kantinegebouw 14 Pickup-Location-City: Ede Pickup-Location-Postal-Code: 6717 XR Pickup-Location-Country: Netherlands Checkout-Method: pickup | C64: saturday | D64: 45997 | E64: 10\:30 AM | F64: EDE - Kantine gebouw Enka | G64: #BB-25-6870 | H64: EDE-KANTINE-GEBOUW-ENKA-BOOM-MET-BORG-125-150 | I64: 10394608206147 | J64: 07-12-2025, 11:15, EDE_ENKA, Pickup Order, Sunday | L64: Ede De Kantine Enka - BB met kluit (incl. €10 borg) - 125-150 cm | M64: 1 | N64: ed-de-kantine-enka-boom-met-borg | O64: Ede De Kantine Enka - BB met kluit (incl. €10 borg) | Q64: Line Item | R64: 32600758452547 | V64: MET-125-150
A65: UTRECHT-STECK-BOOM-MET-BORG-150-175 | B65: Pickup-Location-Id: 302654 Pickup-Day: sunday Pickup-Date: 2025/12/07 Pickup-Location-Company: UTRECHT - Steck Pickup-Location-Address-Line-1: Gageldijk 3 Pickup-Location-City: Utrecht Pickup-Location-Postal-Code: 3566 ME Pickup-Location-Country: Netherlands Checkout-Method: pickup Pickup-Time: | C65: sunday | D65: 45998 | F65: UTRECHT - Steck | G65: #BB-25-6875 | H65: UTRECHT-STECK-BOOM-MET-BORG-150-175 | I65: 10395440939331 | J65: 07-12-2025, Pickup Order, Sunday, UTRECHT-STECK | L65: Utrecht Steck - BB met kluit (incl. €10 borg) - 150-175 cm | M65: 1 | N65: ut-vandestreek-boom-met-borg | O65: Utrecht Steck - BB met kluit (incl. €10 borg) | Q65: Line Item | R65: 32602426900803 | V65: MET-150-175
A66: UTRECHT-STECK-BOOM-MET-BORG-125-150 | B66: Pickup-Location-Id: 302654 Pickup-Day: sunday Pickup-Date: 2025/12/07 Pickup-Location-Company: UTRECHT - Steck Pickup-Location-Address-Line-1: Gageldijk 3 Pickup-Location-City: Utrecht Pickup-Location-Postal-Code: 3566 ME Pickup-Location-Country: Netherlands Checkout-Method: pickup Pickup-Time: | C66: sunday | D66: 45998 | F66: UTRECHT - Steck | G66: #BB-25-6876 | H66: UTRECHT-STECK-BOOM-MET-BORG-125-150 | I66: 10395601469763 | J66: 07-12-2025, Pickup Order, Sunday, UTRECHT-STECK | L66: Utrecht Steck - BB met kluit (incl. €10 borg) - 125-150 cm | M66: 1 | N66: ut-vandestreek-boom-met-borg | O66: Utrecht Steck - BB met kluit (incl. €10 borg) | Q66: Line Item | R66: 32602771390787 | V66: MET-125-150
A67: UTRECHT-STECK-BOOM-MET-BORG-125-150 | B67: Pickup-Location-Id: 302654 Pickup-Day: wednesday Pickup-Date: 2025/12/03 Pickup-Location-Company: UTRECHT - Steck Pickup-Location-Address-Line-1: Gageldijk 3 Pickup-Location-City: Utrecht Pickup-Location-Postal-Code: 3566 ME Pickup-Location-Country: Netherlands Checkout-Method: pickup Pickup-Time: | C67: wednesday | D67: 45994 | F67: UTRECHT - Steck | G67: #BB-25-6874 | H67: UTRECHT-STECK-BOOM-MET-BORG-125-150 | I67: 10395227849027 | J67: 03-12-2025, Pickup Order, UTRECHT-STECK, Wednesday | L67: Utrecht Steck - BB met kluit (incl. €10 borg) - 125-150 cm | M67: 1 | N67: ut-vandestreek-boom-met-borg | O67: Utrecht Steck - BB met kluit (incl. €10 borg) | Q67: Line Item | R67: 32601969295683 | V67: MET-125-150
A68: UTRECHT-STECK-BOOM-MET-BORG-125-150 | B68: Pickup-Location-Id: 302654 Pickup-Day: sunday Pickup-Date: 2025/11/30 Pickup-Location-Company: UTRECHT - Steck Pickup-Location-Address-Line-1: Gageldijk 3 Pickup-Location-City: Utrecht Pickup-Location-Postal-Code: 3566 ME Pickup-Location-Country: Netherlands Checkout-Method: pickup Pickup-Time: | C68: sunday | D68: 45991 | F68: UTRECHT - Steck | G68: #BB-25-6882 | H68: UTRECHT-STECK-BOOM-MET-BORG-125-150 | I68: 10398329897283 | J68: 30-11-2025, Pickup Order, Sunday, UTRECHT-STECK | L68: Utrecht Steck - BB met kluit (incl. €10 borg) - 125-150 cm | M68: 1 | N68: ut-vandestreek-boom-met-borg | O68: Utrecht Steck - BB met kluit (incl. €10 borg) | Q68: Line Item | R68: 32608194232643 | V68: MET-125-150
A69: UTRECHT-STECK-BOOM-MET-BORG-100-125 | B69: Pickup-Location-Id: 302654 Pickup-Day: monday Pickup-Date: 2025/12/01 Pickup-Location-Company: UTRECHT - Steck Pickup-Location-Address-Line-1: Gageldijk 3 Pickup-Location-City: Utrecht Pickup-Location-Postal-Code: 3566 ME Pickup-Location-Country: Netherlands Checkout-Method: pickup Pickup-Time: | C69: monday | D69: 45992 | F69: UTRECHT - Steck | G69: #BB-25-6879 | H69: UTRECHT-STECK-BOOM-MET-BORG-100-125 | I69: 10396438069571 | J69: 01-12-2025, Monday, Pickup Order, UTRECHT-STECK | L69: Utrecht Steck - BB met kluit (incl. €10 borg) - 100-125 cm | M69: 1 | N69: ut-vandestreek-boom-met-borg | O69: Utrecht Steck - BB met kluit (incl. €10 borg) | Q69: Line Item | R69: 32604442558787 | V69: MET-100-125
A70: UTRECHT-STECK-BOOM-MET-BORG-100-125 | B70: Pickup-Location-Id: 302654 Pickup-Day: saturday Pickup-Date: 2025/12/06 Pickup-Location-Company: UTRECHT - Steck Pickup-Location-Address-Line-1: Gageldijk 3 Pickup-Location-City: Utrecht Pickup-Location-Postal-Code: 3566 ME Pickup-Location-Country: Netherlands Checkout-Method: pickup Pickup-Time: | C70: saturday | D70: 45997 | F70: UTRECHT - Steck | G70: #BB-25-6877 | H70: UTRECHT-STECK-BOOM-MET-BORG-100-125 | I70: 10395633910083 | J70: 06-12-2025, Pickup Order, Saturday, UTRECHT-STECK | L70: Utrecht Steck - BB met kluit (incl. €10 borg) - 100-125 cm | M70: 1 | N70: ut-vandestreek-boom-met-borg | O70: Utrecht Steck - BB met kluit (incl. €10 borg) | Q70: Line Item | R70: 32602837385539 | V70: MET-100-125
A71: BREDA-KINDERBOERDERIJ-WOLFSLAAR-BOOM-MET-BORG-125-150 | B71: Pickup-Location-Id: 278023 Pickup-Day: saturday Pickup-Date: 2025/12/06 Pickup-Time: 1\:40 PM Pickup-Location-Company: BREDA - Kinderboerderij Wolfslaar Pickup-Location-Address-Line-1: Wolfslaardreef 95 Pickup-Location-City: Breda Pickup-Location-Postal-Code: 4834 SN Pickup-Location-Country: Netherlands Checkout-Method: pickup | C71: saturday | D71: 45997 | E71: 1\:40 PM | F71: BREDA - Kinderboerderij Wolfslaar | G71: #BB-25-6880 | H71: BREDA-KINDERBOERDERIJ-WOLFSLAAR-BOOM-MET-BORG-125-150 | I71: 10397676044611 | J71: 06-12-2025, 13:40, BREDA-WOLFSLAAR, Pickup Order, Saturday | L71: Breda Wolfslaar - BB met kluit (incl. €10 borg) - 125-150 cm | M71: 1 | N71: bda-wolfslaar-boom-met-borg | O71: Breda Wolfslaar - BB met kluit (incl. €10 borg) | Q71: Line Item | R71: 32606887313731 | V71: MET-125-150
A72: DEN-HAAG-PLUK-BOOM-ZONDER-150-175 | B72: Pickup-Location-Id: 278026 Pickup-Day: saturday Pickup-Date: 2025/12/06 Pickup-Time: 11\:00 AM Pickup-Location-Company: DEN HAAG - Pluk! Pickup-Location-Address-Line-1: Loosduinse Hoofdstraat Pickup-Location-City: Den Haag Pickup-Location-Postal-Code: 2552 AV Pickup-Location-Country: Netherlands Pickup-Location-Phone: 0653459881 Checkout-Method: pickup | C72: saturday | D72: 45997 | E72: 11\:00 AM | F72: DEN HAAG - Pluk! | G72: #BB-25-6883 | H72: DEN-HAAG-PLUK-BOOM-ZONDER-150-175 | I72: 10398567334211 | J72: 06-12-2025, 11:00, DENHAAG-PLUK, Pickup Order, Saturday | L72: Den Haag Pluk - BB zonder kluit - 150-175 cm | M72: 1 | N72: dh-pluk-boom-zonder | O72: Den Haag Pluk - BB zonder kluit | Q72: Line Item | R72: 32608668320067 | V72: ZONDER-150-175
A73: BREDA-FRONTAAL-BOOM-MET-BORG-125-150 | B73: Pickup-Location-Id: 279894 Pickup-Day: saturday Pickup-Date: 2025/12/06 Pickup-Time: 2\:00 PM Pickup-Location-Company: BREDA - Frontaal Pickup-Location-Address-Line-1: Liniestraat 31 Pickup-Location-City: Breda Pickup-Location-Postal-Code: 4816 BG Pickup-Location-Country: Netherlands Checkout-Method: pickup | C73: saturday | D73: 45997 | E73: 2\:00 PM | F73: BREDA - Frontaal | G73: #BB-25-6887 | H73: BREDA-FRONTAAL-BOOM-MET-BORG-125-150 | I73: 10399329321283 | J73: 06-12-2025, 14:00, BREDA-FRONTAAL, Pickup Order, Saturday | L73: Breda Frontaal - BB met kluit (incl. €10 borg) - 125-150 | M73: 1 | N73: bda-frontaal-boom-met-borg | O73: Breda Frontaal - BB met kluit (incl. €10 borg) | Q73: Line Item | R73: 32610255864131 | V73: MET-125-150
A74: UTRECHT-STECK-BOOM-MET-BORG-100-125 | B74: Pickup-Location-Id: 302654 Pickup-Day: monday Pickup-Date: 2025/12/01 Pickup-Location-Company: UTRECHT - Steck Pickup-Location-Address-Line-1: Gageldijk 3 Pickup-Location-City: Utrecht Pickup-Location-Postal-Code: 3566 ME Pickup-Location-Country: Netherlands Checkout-Method: pickup Pickup-Time: | C74: monday | D74: 45992 | F74: UTRECHT - Steck | G74: #BB-25-6891 | H74: UTRECHT-STECK-BOOM-MET-BORG-100-125 | I74: 10400208257347 | J74: 01-12-2025, Monday, Pickup Order, UTRECHT-STECK, WAKE-UP | L74: Utrecht Steck - BB met kluit (incl. €10 borg) - 100-125 cm | M74: 1 | N74: ut-vandestreek-boom-met-borg | O74: Utrecht Steck - BB met kluit (incl. €10 borg) | Q74: Line Item | R74: 32612063314243 | V74: MET-100-125
A75: AMSTERDAM-HOUSE-OF-WATT-BOOM-MET-BORG-125-150 | B75: Pickup-Location-Id: 278462 Pickup-Day: sunday Pickup-Date: 2025/11/30 Pickup-Time: 1\:00 PM Pickup-Location-Company: AMSTERDAM - Molen De Otter Pickup-Location-Address-Line-1: Gillis van Ledenberchstraat 78 Pickup-Location-City: Amsterdam Pickup-Location-Postal-Code: 1052 VK Pickup-Location-Country: Netherlands Checkout-Method: pickup | C75: sunday | D75: 45991 | E75: 1\:00 PM | F75: AMSTERDAM - Molen De Otter | G75: #BB-25-6884 | H75: AMSTERDAM-HOUSE-OF-WATT-BOOM-MET-BORG-125-150 | I75: 10398575427907 | J75: 13:00, 30-11-2025, AMSTERDAM-MOLEN, Pickup Order, Sunday | L75: Amsterdam Molen de Otter - BB met kluit (incl. €10 borg) - 125-150 cm | M75: 1 | N75: amd-house-of-watt-boom-met-borg | O75: Amsterdam Molen de Otter - BB met kluit (incl. €10 borg) | Q75: Line Item | R75: 32608683917635 | V75: MET-125-150
A76: UTRECHT-STECK-BOOM-MET-BORG-150-175 | B76: Pickup-Location-Id: 302654 Pickup-Day: thursday Pickup-Date: 2025/12/04 Pickup-Location-Company: UTRECHT - Steck Pickup-Location-Address-Line-1: Gageldijk 3 Pickup-Location-City: Utrecht Pickup-Location-Postal-Code: 3566 ME Pickup-Location-Country: Netherlands Checkout-Method: pickup Pickup-Time: | C76: thursday | D76: 45995 | F76: UTRECHT - Steck | G76: #BB-25-6894 | H76: UTRECHT-STECK-BOOM-MET-BORG-150-175 | I76: 10401441972547 | J76: 04-12-2025, Pickup Order, Thursday, UTRECHT-STECK, WAKE-UP | L76: Utrecht Steck - BB met kluit (incl. €10 borg) - 150-175 cm | M76: 1 | N76: ut-vandestreek-boom-met-borg | O76: Utrecht Steck - BB met kluit (incl. €10 borg) | Q76: Line Item | R76: 32614511870275 | V76: MET-150-175
A77: EINDHOVEN-WASVEN-BOOM-MET-BORG-125-150 | B77: Pickup-Location-Id: 302976 Pickup-Day: saturday Pickup-Date: 2025/12/06 Pickup-Time: 10\:15 AM Pickup-Location-Company: EINDHOVEN - Wasven Pickup-Location-Address-Line-1: Celebeslaan 30 Pickup-Location-City: Eindhoven Pickup-Location-Postal-Code: 5641 AG Pickup-Location-Country: Netherlands Checkout-Method: pickup | C77: saturday | D77: 45997 | E77: 10\:15 AM | F77: EINDHOVEN - Wasven | G77: #BB-25-6889 | H77: EINDHOVEN-WASVEN-BOOM-MET-BORG-125-150 | I77: 10399988154691 | J77: 06-12-2025, 10:15, EINDHOVEN-WASVEN, Pickup Order, Saturday | L77: Eindhoven Wasven - BB met kluit (incl. €10 borg) - 125-150 cm | M77: 1 | N77: eindhoven-wasven-bb-met-kluit-incl-10-borg | O77: Eindhoven Wasven - BB met kluit (incl. €10 borg) | Q77: Line Item | R77: 32611618521411 | V77: MET-125-150
A78: EDE-KANTINE-GEBOUW-ENKA-BOOM-ZONDER-175-200 | B78: Pickup-Location-Id: 278861 Pickup-Day: saturday Pickup-Date: 2025/12/06 Pickup-Time: 10\:30 AM Pickup-Location-Company: EDE - Kantine gebouw Enka Pickup-Location-Address-Line-1: Kantinegebouw 14 Pickup-Location-City: Ede Pickup-Location-Postal-Code: 6717 XR Pickup-Location-Country: Netherlands Checkout-Method: pickup | C78: saturday | D78: 45997 | E78: 10\:30 AM | F78: EDE - Kantine gebouw Enka | G78: #BB-25-6893 | H78: EDE-KANTINE-GEBOUW-ENKA-BOOM-ZONDER-175-200 | I78: 10400927908163 | J78: 07-12-2025, 12:15, EDE_ENKA, Pickup Order, Sunday, WAKE-UP | L78: Ede De Kantine Enka - BB zonder kluit - 175-200 cm | M78: 1 | N78: ed-de-kantine-enka-boom-zonder | O78: Ede De Kantine Enka - BB zonder kluit | Q78: Line Item | R78: 32613512315203 | V78: ZONDER-175-200
A79: UTRECHT-STECK-BOOM-MET-BORG-125-150 | B79: Pickup-Location-Id: 302654 Pickup-Day: saturday Pickup-Date: 2025/12/06 Pickup-Location-Company: UTRECHT - Steck Pickup-Location-Address-Line-1: Gageldijk 3 Pickup-Location-City: Utrecht Pickup-Location-Postal-Code: 3566 ME Pickup-Location-Country: Netherlands Checkout-Method: pickup Pickup-Time: | C79: saturday | D79: 45997 | F79: UTRECHT - Steck | G79: #BB-25-6898 | H79: UTRECHT-STECK-BOOM-MET-BORG-125-150 | I79: 10402599502147 | J79: 06-12-2025, Pickup Order, Saturday, UTRECHT-STECK | L79: Utrecht Steck - BB met kluit (incl. €10 borg) - 125-150 cm | M79: 1 | N79: ut-vandestreek-boom-met-borg | O79: Utrecht Steck - BB met kluit (incl. €10 borg) | Q79: Line Item | R79: 32616831123779 | V79: MET-125-150
A80: LEIDEN-PLNT-BOOM-MET-BORG-100-125 | B80: Pickup-Location-Id: 278553 Pickup-Day: sunday Pickup-Date: 2025/11/30 Pickup-Time: 12\:00 PM Pickup-Location-Company: LEIDEN - The Fields Pickup-Location-Address-Line-1: Stationsplein 25 Pickup-Location-City: Leiden Pickup-Location-Postal-Code: 2312 AJ Pickup-Location-Country: Netherlands Checkout-Method: pickup | C80: sunday | D80: 45991 | E80: 12\:00 PM | F80: LEIDEN - The Fields | G80: #BB-25-6895 | H80: LEIDEN-PLNT-BOOM-MET-BORG-100-125 | I80: 10401948893507 | J80: 12:00, 30-11-2025, LEIDEN-THEFIELD, Pickup Order, Sunday | L80: Leiden the field - BB met kluit (incl. €10 borg) - 100-125 cm | M80: 1 | N80: ld-plnt-boom-met-borg | O80: Leiden the field - BB met kluit (incl. €10 borg) | Q80: Line Item | R80: 32615544226115 | V80: MET-100-125
A81: EDE-KANTINE-GEBOUW-ENKA-BOOM-MET-BORG-100-125 | B81: Pickup-Location-Id: 278861 Pickup-Day: saturday Pickup-Date: 2025/12/06 Pickup-Time: 12\:15 PM Pickup-Location-Company: EDE - Kantine gebouw Enka Pickup-Location-Address-Line-1: Kantinegebouw 14 Pickup-Location-City: Ede Pickup-Location-Postal-Code: 6717 XR Pickup-Location-Country: Netherlands Checkout-Method: pickup | C81: saturday | D81: 45997 | E81: 12\:15 PM | F81: EDE - Kantine gebouw Enka | G81: #BB-25-6900 | H81: EDE-KANTINE-GEBOUW-ENKA-BOOM-MET-BORG-100-125 | I81: 10403581526339 | J81: 07-12-2025, 12:15, EDE_ENKA, Pickup Order, Sunday | L81: Ede De Kantine Enka - BB met kluit (incl. €10 borg) - 100-125 cm | M81: 1 | N81: ed-de-kantine-enka-boom-met-borg | O81: Ede De Kantine Enka - BB met kluit (incl. €10 borg) | Q81: Line Item | R81: 32618758111555 | V81: MET-100-125
A82: AMSTERDAM-KOPVANOOST-BOOM-MET-BORG-125-150 | B82: Pickup-Location-Id: 278024 Pickup-Day: sunday Pickup-Date: 2025/12/07 Pickup-Time: 2\:00 PM Pickup-Location-Company: AMSTERDAM - Kop van Oost Pickup-Location-Address-Line-1: Zeeburgerpad 1 Pickup-Location-City: Amsterdam Pickup-Location-Postal-Code: 1018 AH Pickup-Location-Country: Netherlands Checkout-Method: pickup | C82: sunday | D82: 45998 | E82: 2\:00 PM | F82: AMSTERDAM - Kop van Oost | G82: #BB-25-6890 | H82: AMSTERDAM-KOPVANOOST-BOOM-MET-BORG-125-150 | I82: 10400197968195 | J82: 07-12-2025, 14:00, AMSTERDAM-KOP, Pickup Order, Sunday | L82: Amsterdam Kop van Oost - BB met kluit (incl. €10 borg) - 125-150 cm | M82: 1 | N82: amd-mosselengin-boom-met-borg | O82: Amsterdam Kop van Oost - BB met kluit (incl. €10 borg) | Q82: Line Item | R82: 32612041982275 | V82: MET-125-150
A83: AMSTERDAM-VONDELTUIN-BOOM-MET-125-150 | B83: Pickup-Location-Id: 278021 Pickup-Day: saturday Pickup-Date: 2025/12/06 Pickup-Time: 12\:00 PM Pickup-Location-Company: AMSTERDAM - Vondeltuin Pickup-Location-Address-Line-1: Vondelpark 7 Pickup-Location-City: Amsterdam Pickup-Location-Postal-Code: 1075 VR Pickup-Location-Country: Netherlands Checkout-Method: pickup | C83: saturday | D83: 45997 | E83: 12\:00 PM | F83: AMSTERDAM - Vondeltuin | G83: #BB-25-6897 | H83: AMSTERDAM-VONDELTUIN-BOOM-MET-125-150 | I83: 10402392342851 | J83: 06-12-2025, 12:00, ADM, Pickup Order, Saturday, Vondeltuin, WAKE-UP | L83: Amsterdam Vondeltuin - BB met kluit (incl. €10 borg) - 125-150 cm | M83: 1 | N83: amd-vondeltuin-boom-met-borg | O83: Amsterdam Vondeltuin - BB met kluit (incl. €10 borg) | Q83: Line Item | R83: 32616415396163 | V83: MET-125-150
A84: UTRECHT-STECK-BOOM-MET-BORG-125-150 | B84: Pickup-Location-Id: 302654 Pickup-Day: thursday Pickup-Date: 2025/12/04 Pickup-Location-Company: UTRECHT - Steck Pickup-Location-Address-Line-1: Gageldijk 3 Pickup-Location-City: Utrecht Pickup-Location-Postal-Code: 3566 ME Pickup-Location-Country: Netherlands Checkout-Method: pickup Pickup-Time: | C84: thursday | D84: 45995 | F84: UTRECHT - Steck | G84: #BB-25-6904 | H84: UTRECHT-STECK-BOOM-MET-BORG-125-150 | I84: 10404961681731 | J84: 04-12-2025, Pickup Order, Thursday, UTRECHT-STECK, WAKE-UP | L84: Utrecht Steck - BB met kluit (incl. €10 borg) - 125-150 cm | M84: 1 | N84: ut-vandestreek-boom-met-borg | O84: Utrecht Steck - BB met kluit (incl. €10 borg) | Q84: Line Item | R84: 32621530022211 | V84: MET-125-150
A85: UTRECHT-STECK-BOOM-ZONDER-150-175 | B85: Pickup-Location-Id: 302654 Pickup-Day: sunday Pickup-Date: 2025/12/06 Pickup-Location-Company: UTRECHT - Steck Pickup-Location-Address-Line-1: Gageldijk 3 Pickup-Location-City: Utrecht Pickup-Location-Postal-Code: 3566 ME Pickup-Location-Country: Netherlands Checkout-Method: pickup Pickup-Time: | C85: sunday | D85: 45997 | F85: UTRECHT - Steck | G85: #BB-25-6899 | H85: UTRECHT-STECK-BOOM-ZONDER-150-175 | I85: 10402890875203 | J85: 07-12-2025, Pickup Order, Sunday, UTRECHT-STECK | L85: Utrecht Steck - BB zonder kluit - 150-175 cm | M85: 1 | N85: ut-vandestreek-boom-zonder | O85: Utrecht Steck - BB zonder kluit | Q85: Line Item | R85: 32617385034051 | V85: ZONDER-150-175
A86: DEN-HAAG-PLUK-BOOM-MET-BORG-125-150 | B86: Pickup-Location-Id: 278026 Pickup-Day: saturday Pickup-Date: 2025/12/06 Pickup-Time: 12\:00 PM Pickup-Location-Company: DEN HAAG - Pluk! Pickup-Location-Address-Line-1: Loosduinse Hoofdstraat Pickup-Location-City: Den Haag Pickup-Location-Postal-Code: 2552 AV Pickup-Location-Country: Netherlands Pickup-Location-Phone: 0653459881 Checkout-Method: pickup | C86: saturday | D86: 45997 | E86: 12\:00 PM | F86: DEN HAAG - Pluk! | G86: #BB-25-6902 | H86: DEN-HAAG-PLUK-BOOM-MET-BORG-125-150 | I86: 10404675387715 | J86: 06-12-2025, 12:00, DENHAAG-PLUK, Pickup Order, Saturday | L86: Den Haag Pluk - BB met kluit (incl. €10 borg) - 125-150 cm | M86: 1 | N86: dh-pluk-boom-met-borg | O86: Den Haag Pluk - BB met kluit (incl. €10 borg) | Q86: Line Item | R86: 32620963397955 | V86: MET-125-150
A87: GOUDA-STADSKANT-BOOM-MET-BORG-125-150 | B87: Pickup-Location-Id: 278027 Pickup-Day: saturday Pickup-Date: 2025/12/06 Pickup-Time: 10\:15 AM Pickup-Location-Company: GOUDA - Stadskant Pickup-Location-Address-Line-1: Agnietenstraat 19 Pickup-Location-City: Gouda Pickup-Location-Postal-Code: 2801 GH Pickup-Location-Country: Netherlands Checkout-Method: pickup | C87: saturday | D87: 45997 | E87: 10\:15 AM | F87: GOUDA - Stadskant | G87: #BB-25-6903 | H87: GOUDA-STADSKANT-BOOM-MET-BORG-125-150 | I87: 10404806984003 | J87: 06-12-2025, 10:15, GOUDA, Pickup Order, Saturday, WAKE-UP | L87: Gouda Stadskant - BB met kluit (incl. €10 borg) - 125-150 cm | M87: 1 | N87: gd-stadskant-boom-met-borg | O87: Gouda Stadskant - BB met kluit (incl. €10 borg) | Q87: Line Item | R87: 32621221970243 | V87: MET-125-150
A88: UTRECHT-STECK-BOOM-MET-BORG-125-150 | B88: Pickup-Location-Id: 302654 Pickup-Day: saturday Pickup-Date: 2025/12/06 Pickup-Location-Company: UTRECHT - Steck Pickup-Location-Address-Line-1: Gageldijk 3 Pickup-Location-City: Utrecht Pickup-Location-Postal-Code: 3566 ME Pickup-Location-Country: Netherlands Checkout-Method: pickup Pickup-Time: | C88: saturday | D88: 45997 | F88: UTRECHT - Steck | G88: #BB-25-6910 | H88: UTRECHT-STECK-BOOM-MET-BORG-125-150 | I88: 10407425016131 | J88: 06-12-2025, Pickup Order, Saturday, UTRECHT-STECK, WAKE-UP | L88: Utrecht Steck - BB met kluit (incl. €10 borg) - 125-150 cm | M88: 1 | N88: ut-vandestreek-boom-met-borg | O88: Utrecht Steck - BB met kluit (incl. €10 borg) | Q88: Line Item | R88: 32630923460931 | V88: MET-125-150
A89: GOUDA-STADSKANT-BOOM-MET-BORG-125-150 | B89: Pickup-Location-Id: 278027 Pickup-Day: sunday Pickup-Date: 2025/12/07 Pickup-Time: 12\:45 PM Pickup-Location-Company: GOUDA - Stadskant Pickup-Location-Address-Line-1: Agnietenstraat 19 Pickup-Location-City: Gouda Pickup-Location-Postal-Code: 2801 GH Pickup-Location-Country: Netherlands Checkout-Method: pickup | C89: sunday | D89: 45998 | E89: 12\:45 PM | F89: GOUDA - Stadskant | G89: #BB-25-6913 | H89: GOUDA-STADSKANT-BOOM-MET-BORG-125-150 | I89: 10407874691395 | J89: 07-12-2025, 12:45, GOUDA, Pickup Order, Sunday | L89: Gouda Stadskant - BB met kluit (incl. €10 borg) - 125-150 cm | M89: 1 | N89: gd-stadskant-boom-met-borg | O89: Gouda Stadskant - BB met kluit (incl. €10 borg) | Q89: Line Item | R89: 32631813374275 | V89: MET-125-150
A90: BREDA-FRONTAAL-BOOM-ZONDER-175-200 | B90: Pickup-Location-Id: 279894 Pickup-Day: saturday Pickup-Date: 2025/12/06 Pickup-Time: 2\:00 PM Pickup-Location-Company: BREDA - Frontaal Pickup-Location-Address-Line-1: Liniestraat 31 Pickup-Location-City: Breda Pickup-Location-Postal-Code: 4816 BG Pickup-Location-Country: Netherlands Checkout-Method: pickup | C90: saturday | D90: 45997 | E90: 2\:00 PM | F90: BREDA - Frontaal | G90: #BB-25-6907 | H90: BREDA-FRONTAAL-BOOM-ZONDER-175-200 | I90: 10407084163395 | J90: 06-12-2025, 14:00, BREDA-FRONTAAL, Pickup Order, Saturday | L90: Breda Frontaal - BB zonder kluit - 175-200 | M90: 1 | N90: bda-frontaal-boom-zonder | O90: Breda Frontaal - BB zonder kluit | Q90: Line Item | R90: 32630249750851 | V90: ZONDER-175-200
A91: UTRECHT-STECK-BOOM-MET-BORG-100-125 | B91: Pickup-Location-Id: 302654 Pickup-Day: wednesday Pickup-Date: 2025/12/03 Pickup-Location-Company: UTRECHT - Steck Pickup-Location-Address-Line-1: Gageldijk 3 Pickup-Location-City: Utrecht Pickup-Location-Postal-Code: 3566 ME Pickup-Location-Country: Netherlands Checkout-Method: pickup Pickup-Time: | C91: wednesday | D91: 45994 | F91: UTRECHT - Steck | G91: #BB-25-6915 | H91: UTRECHT-STECK-BOOM-MET-BORG-100-125 | I91: 10408406384963 | J91: 03-12-2025, Pickup Order, UTRECHT-STECK, WAKE-UP, Wednesday | L91: Utrecht Steck - BB met kluit (incl. €10 borg) - 100-125 cm | M91: 1 | N91: ut-vandestreek-boom-met-borg | O91: Utrecht Steck - BB met kluit (incl. €10 borg) | Q91: Line Item | R91: 32632865521987 | V91: MET-100-125
A92: AMSTERDAM-VONDELTUIN-BOOM-ZONDER-175-200 | B92: Pickup-Location-Id: 278021 Pickup-Location-Company: AMSTERDAM - Vondeltuin Pickup-Location-Address-Line-1: Vondelpark 7 Pickup-Location-City: Amsterdam Pickup-Location-Postal-Code: 1075 VR Pickup-Location-Country: Netherlands Checkout-Method: pickup Pickup-Day: saturday Pickup-Date: 2025/12/06 Pickup-Time: 10\:00 AM | C92: saturday | D92: 45997 | E92: 10\:00 AM | F92: AMSTERDAM - Vondeltuin | G92: #BB-25-6905 | H92: AMSTERDAM-VONDELTUIN-BOOM-ZONDER-175-200 | I92: 10406739902787 | J92: 06-12-2025, 10:00, ADM, Pickup Order, Saturday, Vondeltuin | L92: Amsterdam Vondeltuin - BB zonder kluit - 175-200 cm | M92: 1 | N92: amd-vondeltuin-boom-zonder | O92: Amsterdam Vondeltuin - BB zonder kluit | Q92: Line Item | R92: 32629562507587 | V92: ZONDER-175-200
A93: AMSTERDAM-VONDELTUIN-BOOM-MET-150-175 | B93: Pickup-Location-Id: 278021 Pickup-Day: saturday Pickup-Date: 2025/12/06 Pickup-Time: 11\:00 AM Pickup-Location-Company: AMSTERDAM - Vondeltuin Pickup-Location-Address-Line-1: Vondelpark 7 Pickup-Location-City: Amsterdam Pickup-Location-Postal-Code: 1075 VR Pickup-Location-Country: Netherlands Checkout-Method: pickup | C93: saturday | D93: 45997 | E93: 11\:00 AM | F93: AMSTERDAM - Vondeltuin | G93: #BB-25-6918 | H93: AMSTERDAM-VONDELTUIN-BOOM-MET-150-175 | I93: 10408707227971 | J93: 06-12-2025, 11:00, ADM, Pickup Order, Saturday, Vondeltuin | L93: Amsterdam Vondeltuin - BB met kluit (incl. €10 borg) - 150-175 cm | M93: 1 | N93: amd-vondeltuin-boom-met-borg | O93: Amsterdam Vondeltuin - BB met kluit (incl. €10 borg) | Q93: Line Item | R93: 32633469468995 | V93: MET-150-175
A94: EDE-KANTINE-GEBOUW-ENKA-BOOM-MET-BORG-125-150 | B94: Pickup-Location-Id: 278861 Pickup-Day: saturday Pickup-Date: 2025/12/06 Pickup-Time: 10\:00 AM Pickup-Location-Company: EDE - Kantine gebouw Enka Pickup-Location-Address-Line-1: Kantinegebouw 14 Pickup-Location-City: Ede Pickup-Location-Postal-Code: 6717 XR Pickup-Location-Country: Netherlands Checkout-Method: pickup | C94: saturday | D94: 45997 | E94: 10\:00 AM | F94: EDE - Kantine gebouw Enka | G94: #BB-25-6919 | H94: EDE-KANTINE-GEBOUW-ENKA-BOOM-MET-BORG-125-150 | I94: 10409142714691 | J94: 06-12-2025, 10:00, EDE_ENKA, Pickup Order, Saturday, WAKE-UP | L94: Ede De Kantine Enka - BB met kluit (incl. €10 borg) - 125-150 cm | M94: 1 | N94: ed-de-kantine-enka-boom-met-borg | O94: Ede De Kantine Enka - BB met kluit (incl. €10 borg) | Q94: Line Item | R94: 32634350207299 | V94: MET-125-150
A95: AMSTERDAM-KOPVANOOST-BOOM-MET-BORG-175-200 | B95: Pickup-Location-Id: 278024 Pickup-Day: sunday Pickup-Date: 2025/12/07 Pickup-Time: 11\:00 AM Pickup-Location-Company: AMSTERDAM - Kop van Oost Pickup-Location-Address-Line-1: Zeeburgerpad 1 Pickup-Location-City: Amsterdam Pickup-Location-Postal-Code: 1018 AH Pickup-Location-Country: Netherlands Checkout-Method: pickup | C95: sunday | D95: 45998 | E95: 11\:00 AM | F95: AMSTERDAM - Kop van Oost | G95: #BB-25-6920 | H95: AMSTERDAM-KOPVANOOST-BOOM-MET-BORG-175-200 | I95: 10409492021571 | J95: 07-12-2025, 11:00, AMSTERDAM-KOP, Pickup Order, Sunday, WAKE-UP | L95: Amsterdam Kop van Oost - BB met kluit (incl. €10 borg) - 175-200 cm | M95: 1 | N95: amd-mosselengin-boom-met-borg | O95: Amsterdam Kop van Oost - BB met kluit (incl. €10 borg) | Q95: Line Item | R95: 32635052622147 | V95: MET-175-200
A96: UTRECHT-STECK-BOOM-MET-BORG-125-150 | B96: Pickup-Location-Id: 302654 Pickup-Day: friday Pickup-Date: 2025/12/05 Pickup-Location-Company: UTRECHT - Steck Pickup-Location-Address-Line-1: Gageldijk 3 Pickup-Location-City: Utrecht Pickup-Location-Postal-Code: 3566 ME Pickup-Location-Country: Netherlands Checkout-Method: pickup Pickup-Time: | C96: friday | D96: 45996 | F96: UTRECHT - Steck | G96: #BB-25-6921 | H96: UTRECHT-STECK-BOOM-MET-BORG-125-150 | I96: 10409513582915 | J96: 05-12-2025, Friday, Pickup Order, UTRECHT-STECK, WAKE-UP | L96: Utrecht Steck - BB met kluit (incl. €10 borg) - 125-150 cm | M96: 1 | N96: ut-vandestreek-boom-met-borg | O96: Utrecht Steck - BB met kluit (incl. €10 borg) | Q96: Line Item | R96: 32635096662339 | V96: MET-125-150
A97: AMSTERDAM-VONDELTUIN-BOOM-MET-150-175 | B97: Pickup-Location-Id: 278021 Pickup-Day: saturday Pickup-Date: 2025/12/13 Pickup-Time: 11\:30 AM Pickup-Location-Company: AMSTERDAM - Vondeltuin Pickup-Location-Address-Line-1: Vondelpark 7 Pickup-Location-City: Amsterdam Pickup-Location-Postal-Code: 1075 VR Pickup-Location-Country: Netherlands Checkout-Method: pickup | C97: saturday | D97: 46004 | E97: 11\:30 AM | F97: AMSTERDAM - Vondeltuin | G97: #BB-25-6922 | H97: AMSTERDAM-VONDELTUIN-BOOM-MET-150-175 | I97: 10409534488899 | J97: 11:30, 13-12-2025, ADM, Pickup Order, Saturday, Vondeltuin, WAKE-UP | L97: Amsterdam Vondeltuin - BB met kluit (incl. €10 borg) - 150-175 cm | M97: 1 | N97: amd-vondeltuin-boom-met-borg | O97: Amsterdam Vondeltuin - BB met kluit (incl. €10 borg) | Q97: Line Item | R97: 32635138507075 | V97: MET-150-175
A98: BREDA-KINDERBOERDERIJ-WOLFSLAAR-BOOM-MET-BORG-125-150 | B98: Pickup-Location-Id: 278023 Pickup-Day: sunday Pickup-Date: 2025/12/07 Pickup-Time: 11\:00 AM Pickup-Location-Company: BREDA - Kinderboerderij Wolfslaar Pickup-Location-Address-Line-1: Wolfslaardreef 95 Pickup-Location-City: Breda Pickup-Location-Postal-Code: 4834 SN Pickup-Location-Country: Netherlands Checkout-Method: pickup | C98: sunday | D98: 45998 | E98: 11\:00 AM | F98: BREDA - Kinderboerderij Wolfslaar | G98: #BB-25-6923 | H98: BREDA-KINDERBOERDERIJ-WOLFSLAAR-BOOM-MET-BORG-125-150 | I98: 10409601237315 | J98: 07-12-2025, 11:00, BREDA-WOLFSLAAR, Pickup Order, Sunday | L98: Breda Wolfslaar - BB met kluit (incl. €10 borg) - 125-150 cm | M98: 1 | N98: bda-wolfslaar-boom-met-borg | O98: Breda Wolfslaar - BB met kluit (incl. €10 borg) | Q98: Line Item | R98: 32635288289603 | V98: MET-125-150
A99: UTRECHT-WILLEM-DE-ZWIJGER-BOOM-MET-BORG-150-175 | B99: Pickup-Location-Id: 278463 Pickup-Day: sunday Pickup-Date: 2025/12/07 Pickup-Time: 10\:35 AM Pickup-Location-Company: UTRECHT - Scouting Willem de Zwijger Pickup-Location-Address-Line-1: Bastionweg 2 Pickup-Location-City: Utrecht Pickup-Location-Postal-Code: 3566 MK Pickup-Location-Country: Netherlands Checkout-Method: pickup | C99: sunday | D99: 45998 | E99: 10\:35 AM | F99: UTRECHT - Scouting Willem de Zwijger | G99: #BB-25-6914 | H99: UTRECHT-WILLEM-DE-ZWIJGER-BOOM-MET-BORG-150-175 | I99: 10407939113283 | J99: 07-12-2025, 10:35, Pickup Order, Sunday, UTRECHT-WILLEM | L99: Utrecht Willem de Zwijger - BB met kluit (incl. €10 borg) - 150-175 cm | M99: 1 | N99: ut-willem-de-zwijger-boom-met-borg | O99: Utrecht Willem de Zwijger - BB met kluit (incl. €10 borg) | Q99: Line Item | R99: 32631940546883 | V99: MET-150-175
A100: GOUDA-STADSKANT-BOOM-MET-BORG-175-200 | B100: Checkout-Method: pickup Pickup-Location-Id: 278027 Pickup-Location-Company: GOUDA - Stadskant Pickup-Location-Address-Line-1: Agnietenstraat 19 Pickup-Location-City: Gouda Pickup-Location-Country: Netherlands Pickup-Location-Postal-Code: 2801 GH Pickup-Date: 2025/12/06 Pickup-Time: 12\:45 PM Pickup-Day: saturday | C100: saturday | D100: 45997 | E100: 12\:45 PM | F100: GOUDA - Stadskant | G100: #BB-25-6926 | H100: GOUDA-STADSKANT-BOOM-MET-BORG-175-200 | I100: 10410132439363 | J100: 06-12-2025, 12:45, GOUDA, Pickup Order, Saturday | L100: Gouda Stadskant - BB met kluit (incl. €10 borg) - 175-200 cm | M100: 1 | N100: gd-stadskant-boom-met-borg | O100: Gouda Stadskant - BB met kluit (incl. €10 borg) | Q100: Line Item | R100: 32636319498563 | V100: MET-175-200
A101: ROTTERDAM-HET-WITTE-PAARD-BOOM-MET-BORG-100-125 | B101: Pickup-Location-Id: 278576 Pickup-Day: saturday Pickup-Date: 2025/12/06 Pickup-Time: 11\:00 AM Pickup-Location-Company: ROTTERDAM - Het witte paard Pickup-Location-Address-Line-1: Groenezoom 245 Pickup-Location-City: Rotterdam Pickup-Location-Postal-Code: 3075GD Pickup-Location-Country: Netherlands Checkout-Method: pickup | C101: saturday | D101: 45997 | E101: 11\:00 AM | F101: ROTTERDAM - Het witte paard | G101: #BB-25-6909 | H101: ROTTERDAM-HET-WITTE-PAARD-BOOM-MET-BORG-100-125 | I101: 10407369277763 | J101: 06-12-2025, 11:00, Pickup Order, ROTTERDAM-WITTEPAARD, Saturday, WAKE-UP | L101: Rotterdam Het Witte Paard - BB met kluit (incl. €10 borg) - 100-125 cm | M101: 1 | N101: rtd-het-witte-paard-boom-met-borg | O101: Rotterdam Het Witte Paard - BB met kluit (incl. €10 borg) | Q101: Line Item | R101: 32630814441795 | V101: MET-100-125
A102: UTRECHT-STECK-BOOM-MET-BORG-150-175 | B102: Pickup-Location-Id: 302654 Pickup-Day: sunday Pickup-Date: 2025/11/30 Pickup-Location-Company: UTRECHT - Steck Pickup-Location-Address-Line-1: Gageldijk 3 Pickup-Location-City: Utrecht Pickup-Location-Postal-Code: 3566 ME Pickup-Location-Country: Netherlands Checkout-Method: pickup Pickup-Time: | C102: sunday | D102: 45991 | F102: UTRECHT - Steck | G102: #BB-25-6928 | H102: UTRECHT-STECK-BOOM-MET-BORG-150-175 | I102: 10410190405955 | J102: 30-11-2025, Pickup Order, Sunday, UTRECHT-STECK | L102: Utrecht Steck - BB met kluit (incl. €10 borg) - 150-175 cm | M102: 1 | N102: ut-vandestreek-boom-met-borg | O102: Utrecht Steck - BB met kluit (incl. €10 borg) | Q102: Line Item | R102: 32636437627203 | V102: MET-150-175
A103: EINDHOVEN-WASVEN-BOOM-MET-BORG-150-175 | B103: Pickup-Location-Id: 302976 Pickup-Day: saturday Pickup-Date: 2025/12/06 Pickup-Time: 11\:15 AM Pickup-Location-Company: EINDHOVEN - Wasven Pickup-Location-Address-Line-1: Celebeslaan 30 Pickup-Location-City: Eindhoven Pickup-Location-Postal-Code: 5641 AG Pickup-Location-Country: Netherlands Checkout-Method: pickup | C103: saturday | D103: 45997 | E103: 11\:15 AM | F103: EINDHOVEN - Wasven | G103: #BB-25-6930 | H103: EINDHOVEN-WASVEN-BOOM-MET-BORG-150-175 | I103: 10410400284995 | J103: 06-12-2025, 11:15, EINDHOVEN-WASVEN, Pickup Order, Saturday, WAKE-UP | L103: Eindhoven Wasven - BB met kluit (incl. €10 borg) - 150-175 cm | M103: 1 | N103: eindhoven-wasven-bb-met-kluit-incl-10-borg | O103: Eindhoven Wasven - BB met kluit (incl. €10 borg) | Q103: Line Item | R103: 32636857319747 | V103: MET-150-175
A104: BREDA-KINDERBOERDERIJ-WOLFSLAAR-BOOM-ZONDER-150-175 | B104: Pickup-Location-Id: 278023 Pickup-Day: sunday Pickup-Date: 2025/12/07 Pickup-Time: 12\:00 PM Pickup-Location-Company: BREDA - Kinderboerderij Wolfslaar Pickup-Location-Address-Line-1: Wolfslaardreef 95 Pickup-Location-City: Breda Pickup-Location-Postal-Code: 4834 SN Pickup-Location-Country: Netherlands Checkout-Method: pickup | C104: sunday | D104: 45998 | E104: 12\:00 PM | F104: BREDA - Kinderboerderij Wolfslaar | G104: #BB-25-6916 | H104: BREDA-KINDERBOERDERIJ-WOLFSLAAR-BOOM-ZONDER-150-175 | I104: 10408641495363 | J104: 07-12-2025, 12:00, BREDA-WOLFSLAAR, Pickup Order, Sunday, WAKE-UP | L104: Breda Wolfslaar - BB zonder kluit - 150-175 cm | M104: 1 | N104: bda-wolfslaar-boom-zonder | O104: Breda Wolfslaar - BB zonder kluit | Q104: Line Item | R104: 32633338986819 | V104: ZONDER-150-175
A105: ROTTERDAM-BELEVENISBOERDERIJ-SCHIEVEEN-BOOM-MET-BORG-150-175 | B105: Pickup-Location-Id: 278031 Pickup-Day: saturday Pickup-Date: 2025/12/06 Pickup-Time: 11\:00 AM Pickup-Location-Company: ROTTERDAM - Belevenisboerderij Schieveen Pickup-Location-Address-Line-1: Oude Bovendijk 220 Pickup-Location-City: Rotterdam Pickup-Location-Postal-Code: 3046 NL Pickup-Location-Country: Netherlands Checkout-Method: pickup | C105: saturday | D105: 45997 | E105: 11\:00 AM | F105: ROTTERDAM - Belevenisboerderij Schieveen | G105: #BB-25-6925 | H105: ROTTERDAM-BELEVENISBOERDERIJ-SCHIEVEEN-BOOM-MET-BORG-150-175 | I105: 10410068345155 | J105: 06-12-2025, 11:00, Pickup Order, ROTTERDAM-SCHIEVEEN, Saturday, WAKE-UP | L105: Rotterdam Belevenisboerderij Schieveen - BB met kluit (incl. €10 borg) - 150-175 cm | M105: 1 | N105: rtd-belevenisboerderij-schieveen-boom-met-borg | O105: Rotterdam Belevenisboerderij Schieveen - BB met kluit (incl. €10 borg) | Q105: Line Item | R105: 32636191539523 | V105: MET-150-175
A106: ROTTERDAM-BELEVENISBOERDERIJ-SCHIEVEEN-BOOM-MET-BORG-175-200 | B106: Pickup-Location-Id: 278031 Pickup-Day: sunday Pickup-Date: 2025/12/07 Pickup-Time: 2\:30 PM Pickup-Location-Company: ROTTERDAM - Belevenisboerderij Schieveen Pickup-Location-Address-Line-1: Oude Bovendijk 220 Pickup-Location-City: Rotterdam Pickup-Location-Postal-Code: 3046 NL Pickup-Location-Country: Netherlands Checkout-Method: pickup | C106: sunday | D106: 45998 | E106: 2\:30 PM | F106: ROTTERDAM - Belevenisboerderij Schieveen | G106: #BB-25-6933 | H106: ROTTERDAM-BELEVENISBOERDERIJ-SCHIEVEEN-BOOM-MET-BORG-175-200 | I106: 10410627268931 | J106: 07-12-2025, 14:30, Pickup Order, ROTTERDAM-SCHIEVEEN, Sunday, WAKE-UP | L106: Rotterdam Belevenisboerderij Schieveen - BB met kluit (incl. €10 borg) - 175-200 cm | M106: 1 | N106: rtd-belevenisboerderij-schieveen-boom-met-borg | O106: Rotterdam Belevenisboerderij Schieveen - BB met kluit (incl. €10 borg) | Q106: Line Item | R106: 32637321478467 | V106: MET-175-200
A107: DEN-HAAG-PLUK-BOOM-ZONDER-175-200 | B107: Pickup-Location-Id: 278026 Pickup-Day: saturday Pickup-Date: 2025/12/06 Pickup-Time: 12\:00 PM Pickup-Location-Company: DEN HAAG - Pluk! Pickup-Location-Address-Line-1: Loosduinse Hoofdstraat Pickup-Location-City: Den Haag Pickup-Location-Postal-Code: 2552 AV Pickup-Location-Country: Netherlands Pickup-Location-Phone: 0653459881 Checkout-Method: pickup | C107: saturday | D107: 45997 | E107: 12\:00 PM | F107: DEN HAAG - Pluk! | G107: #BB-25-6934 | H107: DEN-HAAG-PLUK-BOOM-ZONDER-175-200 | I107: 10410777870659 | J107: 06-12-2025, 12:00, DENHAAG-PLUK, Pickup Order, Saturday, WAKE-UP | L107: Den Haag Pluk - BB zonder kluit - 175-200 cm | M107: 1 | N107: dh-pluk-boom-zonder | O107: Den Haag Pluk - BB zonder kluit | Q107: Line Item | R107: 32637636313411 | V107: ZONDER-175-200
A108: DEN-HAAG-PLUK-BOOM-MET-BORG-175-200 | B108: Checkout-Method: pickup Pickup-Location-Id: 278026 Pickup-Location-Company: DEN HAAG - Pluk! Pickup-Location-Address-Line-1: Loosduinse Hoofdstraat Pickup-Location-City: Den Haag Pickup-Location-Country: Netherlands Pickup-Location-Postal-Code: 2552 AV Pickup-Date: 2025/12/04 Pickup-Time: 12\:00 PM Pickup-Day: thursday | C108: thursday | D108: 45995 | E108: 12\:00 PM | F108: DEN HAAG - Pluk! | G108: #BB-25-6935 | H108: DEN-HAAG-PLUK-BOOM-MET-BORG-175-200 | I108: 10410857431363 | J108: 04-12-2025, 12:00, DENHAAG-PLUK, Pickup Order, Thursday | L108: Den Haag Pluk - BB met kluit (incl. €10 borg) - 175-200 cm | M108: 1 | N108: dh-pluk-boom-met-borg | O108: Den Haag Pluk - BB met kluit (incl. €10 borg) | Q108: Line Item | R108: 32637812080963 | V108: MET-175-200
A109: ROTTERDAM-BELEVENISBOERDERIJ-SCHIEVEEN-BOOM-MET-BORG-150-175 | B109: Pickup-Location-Id: 278031 Pickup-Day: saturday Pickup-Date: 2025/12/06 Pickup-Time: 11\:00 AM Pickup-Location-Company: ROTTERDAM - Belevenisboerderij Schieveen Pickup-Location-Address-Line-1: Oude Bovendijk 220 Pickup-Location-City: Rotterdam Pickup-Location-Postal-Code: 3046 NL Pickup-Location-Country: Netherlands Checkout-Method: pickup | C109: saturday | D109: 45997 | E109: 11\:00 AM | F109: ROTTERDAM - Belevenisboerderij Schieveen | G109: #BB-25-6936 | H109: ROTTERDAM-BELEVENISBOERDERIJ-SCHIEVEEN-BOOM-MET-BORG-150-175 | I109: 10410918838595 | J109: 06-12-2025, 11:00, Pickup Order, ROTTERDAM-SCHIEVEEN, Saturday, WAKE-UP | L109: Rotterdam Belevenisboerderij Schieveen - BB met kluit (incl. €10 borg) - 150-175 cm | M109: 1 | N109: rtd-belevenisboerderij-schieveen-boom-met-borg | O109: Rotterdam Belevenisboerderij Schieveen - BB met kluit (incl. €10 borg) | Q109: Line Item | R109: 32637936664899 | V109: MET-150-175
A110: UTRECHT-STECK-BOOM-ZONDER-175-200 | B110: Pickup-Location-Id: 302654 Pickup-Day: thursday Pickup-Date: 2025/12/04 Pickup-Location-Company: UTRECHT - Steck Pickup-Location-Address-Line-1: Gageldijk 3 Pickup-Location-City: Utrecht Pickup-Location-Postal-Code: 3566 ME Pickup-Location-Country: Netherlands Checkout-Method: pickup Pickup-Time: | C110: thursday | D110: 45995 | F110: UTRECHT - Steck | G110: #BB-25-6937 | H110: UTRECHT-STECK-BOOM-ZONDER-175-200 | I110: 10411486019907 | J110: 04-12-2025, Pickup Order, Thursday, UTRECHT-STECK, WAKE-UP | L110: Utrecht Steck - BB zonder kluit - 175-200 cm | M110: 1 | N110: ut-vandestreek-boom-zonder | O110: Utrecht Steck - BB zonder kluit | Q110: Line Item | R110: 32639094686019 | V110: ZONDER-175-200
A111: AMSTERDAM-HOUSE-OF-WATT-BOOM-MET-BORG-100-125 | B111: Pickup-Location-Id: 278462 Pickup-Day: sunday Pickup-Date: 2025/11/30 Pickup-Time: 4\:30 PM Pickup-Location-Company: AMSTERDAM - Molen De Otter Pickup-Location-Address-Line-1: Gillis van Ledenberchstraat 78 Pickup-Location-City: Amsterdam Pickup-Location-Postal-Code: 1052 VK Pickup-Location-Country: Netherlands Checkout-Method: pickup | C111: sunday | D111: 45991 | E111: 4\:30 PM | F111: AMSTERDAM - Molen De Otter | G111: #BB-25-6939 | H111: AMSTERDAM-HOUSE-OF-WATT-BOOM-MET-BORG-100-125 | I111: 10411917050179 | J111: 16:30, 30-11-2025, AMSTERDAM-MOLEN, Pickup Order, Sunday, WAKE-UP | L111: Amsterdam Molen de Otter - BB met kluit (incl. €10 borg) - 100-125 cm | M111: 1 | N111: amd-house-of-watt-boom-met-borg | O111: Amsterdam Molen de Otter - BB met kluit (incl. €10 borg) | Q111: Line Item | R111: 32640001147203 | V111: MET-100-125
A112: ROTTERDAM-BELEVENISBOERDERIJ-SCHIEVEEN-BOOM-MET-BORG-150-175 | B112: Pickup-Location-Id: 278031 Pickup-Day: saturday Pickup-Date: 2025/12/06 Pickup-Time: 11\:00 AM Pickup-Location-Company: ROTTERDAM - Belevenisboerderij Schieveen Pickup-Location-Address-Line-1: Oude Bovendijk 220 Pickup-Location-City: Rotterdam Pickup-Location-Postal-Code: 3046 NL Pickup-Location-Country: Netherlands Checkout-Method: pickup | C112: saturday | D112: 45997 | E112: 11\:00 AM | F112: ROTTERDAM - Belevenisboerderij Schieveen | G112: #BB-25-6940 | H112: ROTTERDAM-BELEVENISBOERDERIJ-SCHIEVEEN-BOOM-MET-BORG-150-175 | I112: 10412049039683 | J112: 06-12-2025, 11:00, Pickup Order, ROTTERDAM-SCHIEVEEN, Saturday, WAKE-UP | L112: Rotterdam Belevenisboerderij Schieveen - BB met kluit (incl. €10 borg) - 150-175 cm | M112: 1 | N112: rtd-belevenisboerderij-schieveen-boom-met-borg | O112: Rotterdam Belevenisboerderij Schieveen - BB met kluit (incl. €10 borg) | Q112: Line Item | R112: 32640269156675 | V112: MET-150-175
A113: UTRECHT-STECK-BOOM-ZONDER-150-175 | B113: Pickup-Location-Id: 302654 Pickup-Day: friday Pickup-Date: 2025/12/05 Pickup-Location-Company: UTRECHT - Steck Pickup-Location-Address-Line-1: Gageldijk 3 Pickup-Location-City: Utrecht Pickup-Location-Postal-Code: 3566 ME Pickup-Location-Country: Netherlands Checkout-Method: pickup Pickup-Time: | C113: friday | D113: 45996 | F113: UTRECHT - Steck | G113: #BB-25-6941 | H113: UTRECHT-STECK-BOOM-ZONDER-150-175 | I113: 10412053201219 | J113: 05-12-2025, Friday, Pickup Order, UTRECHT-STECK, WAKE-UP | L113: Utrecht Steck - BB zonder kluit - 150-175 cm | M113: 1 | N113: ut-vandestreek-boom-zonder | O113: Utrecht Steck - BB zonder kluit | Q113: Line Item | R113: 32640277610819 | V113: ZONDER-150-175
A114: EINDHOVEN-WASVEN-BOOM-MET-BORG-100-125 | B114: Pickup-Location-Id: 302976 Pickup-Day: saturday Pickup-Date: 2025/12/06 Pickup-Time: 12\:15 PM Pickup-Location-Company: EINDHOVEN - Wasven Pickup-Location-Address-Line-1: Celebeslaan 30 Pickup-Location-City: Eindhoven Pickup-Location-Postal-Code: 5641 AG Pickup-Location-Country: Netherlands Checkout-Method: pickup | C114: saturday | D114: 45997 | E114: 12\:15 PM | F114: EINDHOVEN - Wasven | G114: #BB-25-6942 | H114: EINDHOVEN-WASVEN-BOOM-MET-BORG-100-125 | I114: 10412271010115 | J114: 06-12-2025, 12:15, EINDHOVEN-WASVEN, Pickup Order, Saturday, WAKE-UP | L114: Eindhoven Wasven - BB met kluit (incl. €10 borg) - 100-125 cm | M114: 1 | N114: eindhoven-wasven-bb-met-kluit-incl-10-borg | O114: Eindhoven Wasven - BB met kluit (incl. €10 borg) | Q114: Line Item | R114: 32640727548227 | V114: MET-100-125
A115: AMSTERDAM-HOUSE-OF-WATT-BOOM-MET-BORG-125-150 | B115: Pickup-Location-Id: 278462 Pickup-Day: sunday Pickup-Date: 2025/11/30 Pickup-Time: 1\:00 PM Pickup-Location-Company: AMSTERDAM - Molen De Otter Pickup-Location-Address-Line-1: Gillis van Ledenberchstraat 78 Pickup-Location-City: Amsterdam Pickup-Location-Postal-Code: 1052 VK Pickup-Location-Country: Netherlands Checkout-Method: pickup | C115: sunday | D115: 45991 | E115: 1\:00 PM | F115: AMSTERDAM - Molen De Otter | G115: #BB-25-6943 | H115: AMSTERDAM-HOUSE-OF-WATT-BOOM-MET-BORG-125-150 | I115: 10412523880771 | J115: 13:00, 30-11-2025, AMSTERDAM-MOLEN, Pickup Order, Sunday, WAKE-UP | L115: Amsterdam Molen de Otter - BB met kluit (incl. €10 borg) - 125-150 cm | M115: 1 | N115: amd-house-of-watt-boom-met-borg | O115: Amsterdam Molen de Otter - BB met kluit (incl. €10 borg) | Q115: Line Item | R115: 32641235648835 | V115: MET-125-150
A116: UTRECHT-STECK-BOOM-MET-BORG-125-150 | B116: Pickup-Location-Id: 302654 Pickup-Day: thursday Pickup-Date: 2025/12/04 Pickup-Location-Company: UTRECHT - Steck Pickup-Location-Address-Line-1: Gageldijk 3 Pickup-Location-City: Utrecht Pickup-Location-Postal-Code: 3566 ME Pickup-Location-Country: Netherlands Checkout-Method: pickup Pickup-Time: | C116: thursday | D116: 45995 | F116: UTRECHT - Steck | G116: #BB-25-6944 | H116: UTRECHT-STECK-BOOM-MET-BORG-125-150 | I116: 10412623102275 | J116: 04-12-2025, Pickup Order, Thursday, UTRECHT-STECK | L116: Utrecht Steck - BB met kluit (incl. €10 borg) - 125-150 cm | M116: 1 | N116: ut-vandestreek-boom-met-borg | O116: Utrecht Steck - BB met kluit (incl. €10 borg) | Q116: Line Item | R116: 32641440874819 | V116: MET-125-150
A117: AMSTERDAM-VONDELTUIN-BOOM-ZONDER-175-200 | B117: Pickup-Location-Id: 278021 Pickup-Day: saturday Pickup-Date: 2025/12/06 Pickup-Time: 10\:00 AM Pickup-Location-Company: AMSTERDAM - Vondeltuin Pickup-Location-Address-Line-1: Vondelpark 7 Pickup-Location-City: Amsterdam Pickup-Location-Postal-Code: 1075 VR Pickup-Location-Country: Netherlands Checkout-Method: pickup | C117: saturday | D117: 45997 | E117: 10\:00 AM | F117: AMSTERDAM - Vondeltuin | G117: #BB-25-6945 | H117: AMSTERDAM-VONDELTUIN-BOOM-ZONDER-175-200 | I117: 10412678906179 | J117: 06-12-2025, 10:00, ADM, Pickup Order, Saturday, Vondeltuin, WAKE-UP | L117: Amsterdam Vondeltuin - BB zonder kluit - 175-200 cm | M117: 1 | N117: amd-vondeltuin-boom-zonder | O117: Amsterdam Vondeltuin - BB zonder kluit | Q117: Line Item | R117: 32641558348099 | V117: ZONDER-175-200
A118: ROTTERDAM-BELEVENISBOERDERIJ-SCHIEVEEN-BOOM-MET-BORG-125-150 | B118: Pickup-Location-Id: 278031 Pickup-Day: sunday Pickup-Date: 2025/12/07 Pickup-Time: 11\:00 AM Pickup-Location-Company: ROTTERDAM - Belevenisboerderij Schieveen Pickup-Location-Address-Line-1: Oude Bovendijk 220 Pickup-Location-City: Rotterdam Pickup-Location-Postal-Code: 3046 NL Pickup-Location-Country: Netherlands Checkout-Method: pickup | C118: sunday | D118: 45998 | E118: 11\:00 AM | F118: ROTTERDAM - Belevenisboerderij Schieveen | G118: #BB-25-6947 | H118: ROTTERDAM-BELEVENISBOERDERIJ-SCHIEVEEN-BOOM-MET-BORG-125-150 | I118: 10412907692355 | J118: 07-12-2025, 11:00, Pickup Order, ROTTERDAM-SCHIEVEEN, Sunday, WAKE-UP | L118: Rotterdam Belevenisboerderij Schieveen - BB met kluit (incl. €10 borg) - 125-150 cm | M118: 1 | N118: rtd-belevenisboerderij-schieveen-boom-met-borg | O118: Rotterdam Belevenisboerderij Schieveen - BB met kluit (incl. €10 borg) | Q118: Line Item | R118: 32641981251907 | V118: MET-125-150
A119: ROTTERDAM-BELEVENISBOERDERIJ-SCHIEVEEN-BOOM-MET-BORG-125-150 | B119: Pickup-Location-Id: 278031 Pickup-Day: sunday Pickup-Date: 2025/12/07 Pickup-Time: 11\:00 AM Pickup-Location-Company: ROTTERDAM - Belevenisboerderij Schieveen Pickup-Location-Address-Line-1: Oude Bovendijk 220 Pickup-Location-City: Rotterdam Pickup-Location-Postal-Code: 3046 NL Pickup-Location-Country: Netherlands Checkout-Method: pickup | C119: sunday | D119: 45998 | E119: 11\:00 AM | F119: ROTTERDAM - Belevenisboerderij Schieveen | G119: #BB-25-6948 | H119: ROTTERDAM-BELEVENISBOERDERIJ-SCHIEVEEN-BOOM-MET-BORG-125-150 | I119: 10412957958467 | J119: 07-12-2025, 11:00, Pickup Order, ROTTERDAM-SCHIEVEEN, Sunday, WAKE-UP | L119: Rotterdam Belevenisboerderij Schieveen - BB met kluit (incl. €10 borg) - 125-150 cm | M119: 1 | N119: rtd-belevenisboerderij-schieveen-boom-met-borg | O119: Rotterdam Belevenisboerderij Schieveen - BB met kluit (incl. €10 borg) | Q119: Line Item | R119: 32642078900547 | V119: MET-125-150
A120: BREDA-KINDERBOERDERIJ-WOLFSLAAR-BOOM-ZONDER-150-175 | B120: Pickup-Location-Id: 278023 Pickup-Day: sunday Pickup-Date: 2025/12/07 Pickup-Time: 12\:40 PM Pickup-Location-Company: BREDA - Kinderboerderij Wolfslaar Pickup-Location-Address-Line-1: Wolfslaardreef 95 Pickup-Location-City: Breda Pickup-Location-Postal-Code: 4834 SN Pickup-Location-Country: Netherlands Checkout-Method: pickup | C120: sunday | D120: 45998 | E120: 12\:40 PM | F120: BREDA - Kinderboerderij Wolfslaar | G120: #BB-25-6929 | H120: BREDA-KINDERBOERDERIJ-WOLFSLAAR-BOOM-ZONDER-150-175 | I120: 10410365518147 | J120: 07-12-2025, 12:40, BREDA-WOLFSLAAR, Pickup Order, Sunday | L120: Breda Wolfslaar - BB zonder kluit - 150-175 cm | M120: 1 | N120: bda-wolfslaar-boom-zonder | O120: Breda Wolfslaar - BB zonder kluit | Q120: Line Item | R120: 32636788834627 | V120: ZONDER-150-175
A121: BREDA-FRONTAAL-BOOM-ZONDER-150-175 | B121: Pickup-Location-Id: 279894 Pickup-Day: saturday Pickup-Date: 2025/12/06 Pickup-Time: 2\:00 PM Pickup-Location-Company: BREDA - Frontaal Pickup-Location-Address-Line-1: Liniestraat 31 Pickup-Location-City: Breda Pickup-Location-Postal-Code: 4816 BG Pickup-Location-Country: Netherlands Checkout-Method: pickup | C121: saturday | D121: 45997 | E121: 2\:00 PM | F121: BREDA - Frontaal | G121: #BB-25-6951 | H121: BREDA-FRONTAAL-BOOM-ZONDER-150-175 | I121: 10413393641795 | J121: 06-12-2025, 14:00, BREDA-FRONTAAL, Pickup Order, Saturday, WAKE-UP | L121: Breda Frontaal - BB zonder kluit - 150-175 | M121: 1 | N121: bda-frontaal-boom-zonder | O121: Breda Frontaal - BB zonder kluit | Q121: Line Item | R121: 32642987426115 | V121: ZONDER-150-175
A122: ROTTERDAM-BELEVENISBOERDERIJ-SCHIEVEEN-BOOM-ZONDER-175-200 | B122: Pickup-Location-Id: 278031 Pickup-Day: saturday Pickup-Date: 2025/12/06 Pickup-Time: 12\:00 PM Pickup-Location-Company: ROTTERDAM - Belevenisboerderij Schieveen Pickup-Location-Address-Line-1: Oude Bovendijk 220 Pickup-Location-City: Rotterdam Pickup-Location-Postal-Code: 3046 NL Pickup-Location-Country: Netherlands Checkout-Method: pickup | C122: saturday | D122: 45997 | E122: 12\:00 PM | F122: ROTTERDAM - Belevenisboerderij Schieveen | G122: #BB-25-6931 | H122: ROTTERDAM-BELEVENISBOERDERIJ-SCHIEVEEN-BOOM-ZONDER-175-200 | I122: 10410406445379 | J122: 06-12-2025, 12:00, Pickup Order, ROTTERDAM-SCHIEVEEN, Saturday | L122: Rotterdam Belevenisboerderij Schieveen - BB zonder kluit - 175-200 cm | M122: 1 | N122: rtd-belevenisboerderij-schieveen-boom-zonder | O122: Rotterdam Belevenisboerderij Schieveen - BB zonder kluit | Q122: Line Item | R122: 32636869706051 | V122: ZONDER-175-200
A123: ROTTERDAM-BELEVENISBOERDERIJ-SCHIEVEEN-BOOM-MET-BORG-125-150 | B123: Pickup-Location-Id: 278031 Pickup-Day: saturday Pickup-Date: 2025/12/06 Pickup-Time: 12\:00 PM Pickup-Location-Company: ROTTERDAM - Belevenisboerderij Schieveen Pickup-Location-Address-Line-1: Oude Bovendijk 220 Pickup-Location-City: Rotterdam Pickup-Location-Postal-Code: 3046 NL Pickup-Location-Country: Netherlands Checkout-Method: pickup | C123: saturday | D123: 45997 | E123: 12\:00 PM | F123: ROTTERDAM - Belevenisboerderij Schieveen | G123: #BB-25-6932 | H123: ROTTERDAM-BELEVENISBOERDERIJ-SCHIEVEEN-BOOM-MET-BORG-125-150 | I123: 10410410836291 | J123: 06-12-2025, 12:00, Pickup Order, ROTTERDAM-SCHIEVEEN, Saturday, WAKE-UP | L123: Rotterdam Belevenisboerderij Schieveen - BB met kluit (incl. €10 borg) - 125-150 cm | M123: 1 | N123: rtd-belevenisboerderij-schieveen-boom-met-borg | O123: Rotterdam Belevenisboerderij Schieveen - BB met kluit (incl. €10 borg) | Q123: Line Item | R123: 32636878192963 | V123: MET-125-150
A124: AMSTERDAM-KOPVANOOST-BOOM-MET-BORG-150-175 | B124: Pickup-Location-Id: 278024 Pickup-Day: sunday Pickup-Date: 2025/12/07 Pickup-Time: 12\:00 PM Pickup-Location-Company: AMSTERDAM - Kop van Oost Pickup-Location-Address-Line-1: Zeeburgerpad 1 Pickup-Location-City: Amsterdam Pickup-Location-Postal-Code: 1018 AH Pickup-Location-Country: Netherlands Checkout-Method: pickup | C124: sunday | D124: 45998 | E124: 12\:00 PM | F124: AMSTERDAM - Kop van Oost | G124: #BB-25-6955 | H124: AMSTERDAM-KOPVANOOST-BOOM-MET-BORG-150-175 | I124: 10414067974467 | J124: 07-12-2025, 12:00, AMSTERDAM-KOP, Pickup Order, Sunday, WAKE-UP | L124: Amsterdam Kop van Oost - BB met kluit (incl. €10 borg) - 150-175 cm | M124: 1 | N124: amd-mosselengin-boom-met-borg | O124: Amsterdam Kop van Oost - BB met kluit (incl. €10 borg) | Q124: Line Item | R124: 32644336877891 | V124: MET-150-175
A125: DEN-HAAG-PLUK-BOOM-MET-BORG-125-150 | B125: Pickup-Location-Id: 278026 Pickup-Day: saturday Pickup-Date: 2025/12/06 Pickup-Time: 11\:00 AM Pickup-Location-Company: DEN HAAG - Pluk! Pickup-Location-Address-Line-1: Loosduinse Hoofdstraat Pickup-Location-City: Den Haag Pickup-Location-Postal-Code: 2552 AV Pickup-Location-Country: Netherlands Pickup-Location-Phone: 0653459881 Checkout-Method: pickup | C125: saturday | D125: 45997 | E125: 11\:00 AM | F125: DEN HAAG - Pluk! | G125: #BB-25-6956 | H125: DEN-HAAG-PLUK-BOOM-MET-BORG-125-150 | I125: 10414122074435 | J125: 06-12-2025, 11:00, DENHAAG-PLUK, Pickup Order, Saturday, WAKE-UP | L125: Den Haag Pluk - BB met kluit (incl. €10 borg) - 125-150 cm | M125: 1 | N125: dh-pluk-boom-met-borg | O125: Den Haag Pluk - BB met kluit (incl. €10 borg) | Q125: Line Item | R125: 32644448551235 | V125: MET-125-150
A126: LEIDEN-PLNT-BOOM-MET-BORG-125-150 | B126: Pickup-Location-Id: 278553 Pickup-Day: sunday Pickup-Date: 2025/11/30 Pickup-Time: 2\:30 PM Pickup-Location-Company: LEIDEN - The Fields Pickup-Location-Address-Line-1: Stationsplein 25 Pickup-Location-City: Leiden Pickup-Location-Postal-Code: 2312 AJ Pickup-Location-Country: Netherlands Checkout-Method: pickup | C126: sunday | D126: 45991 | E126: 2\:30 PM | F126: LEIDEN - The Fields | G126: #BB-25-6957 | H126: LEIDEN-PLNT-BOOM-MET-BORG-125-150 | I126: 10414157332803 | J126: 14:30, 30-11-2025, LEIDEN-THEFIELD, Pickup Order, Sunday | L126: Leiden the field - BB met kluit (incl. €10 borg) - 125-150 cm | M126: 1 | N126: ld-plnt-boom-met-borg | O126: Leiden the field - BB met kluit (incl. €10 borg) | Q126: Line Item | R126: 32644527849795 | V126: MET-125-150
A127: AMSTERDAM-VONDELTUIN-BOOM-MET-175-200 | B127: Pickup-Location-Id: 278021 Pickup-Day: saturday Pickup-Date: 2025/12/06 Pickup-Time: 12\:00 PM Pickup-Location-Company: AMSTERDAM - Vondeltuin Pickup-Location-Address-Line-1: Vondelpark 7 Pickup-Location-City: Amsterdam Pickup-Location-Postal-Code: 1075 VR Pickup-Location-Country: Netherlands Checkout-Method: pickup | C127: saturday | D127: 45997 | E127: 12\:00 PM | F127: AMSTERDAM - Vondeltuin | G127: #BB-25-6959 | H127: AMSTERDAM-VONDELTUIN-BOOM-MET-175-200 | I127: 10414378451267 | J127: 06-12-2025, 12:00, ADM, Pickup Order, Saturday, Vondeltuin, WAKE-UP | L127: Amsterdam Vondeltuin - BB met kluit (incl. €10 borg) - 175-200 cm | M127: 1 | N127: amd-vondeltuin-boom-met-borg | O127: Amsterdam Vondeltuin - BB met kluit (incl. €10 borg) | Q127: Line Item | R127: 32644949016899 | V127: MET-175-200
A128: EDE-KANTINE-GEBOUW-ENKA-BOOM-MET-BORG-125-150 | B128: Pickup-Location-Id: 278861 Pickup-Day: saturday Pickup-Date: 2025/12/06 Pickup-Time: 10\:30 AM Pickup-Location-Company: EDE - Kantine gebouw Enka Pickup-Location-Address-Line-1: Kantinegebouw 14 Pickup-Location-City: Ede Pickup-Location-Postal-Code: 6717 XR Pickup-Location-Country: Netherlands Checkout-Method: pickup | C128: saturday | D128: 45997 | E128: 10\:30 AM | F128: EDE - Kantine gebouw Enka | G128: #BB-25-6960 | H128: EDE-KANTINE-GEBOUW-ENKA-BOOM-MET-BORG-125-150 | I128: 10414447526211 | J128: 06-12-2025, 10:30, EDE_ENKA, Pickup Order, Saturday | L128: Ede De Kantine Enka - BB met kluit (incl. €10 borg) - 125-150 cm | M128: 1 | N128: ed-de-kantine-enka-boom-met-borg | O128: Ede De Kantine Enka - BB met kluit (incl. €10 borg) | Q128: Line Item | R128: 32645086347587 | V128: MET-125-150
... A141: GOUDA-STADSKANT-BOOM-MET-BORG-175-200 | B141: Pickup-Location-Id: 278027 Pickup-Day: saturday Pickup-Date: 2025/12/06 Pickup-Time: 10\:15 AM Pickup-Location-Company: GOUDA - Stadskant Pickup-Location-Address-Line-1: Agnietenstraat 19 Pickup-Location-City: Gouda Pickup-Location-Postal-Code: 2801 GH Pickup-Location-Country: Netherlands Checkout-Method: pickup | C141: saturday | D141: 45997 | E141: 10\:15 AM | F141: GOUDA - Stadskant | G141: #BB-25-6980 | H141: GOUDA-STADSKANT-BOOM-MET-BORG-175-200 | I141: 10422017098051 | J141: 06-12-2025, 10:15, GOUDA, Pickup Order, Saturday, WAKE-UP | L141: Gouda Stadskant - BB met kluit (incl. €10 borg) - 175-200 cm | M141: 1 | N141: gd-stadskant-boom-met-borg | O141: Gouda Stadskant - BB met kluit (incl. €10 borg) | Q141: Line Item | R141: 32662967746883 | V141: MET-175-200
A142: UTRECHT-STECK-BOOM-MET-BORG-175-200 | B142: Pickup-Location-Id: 302654 Pickup-Day: saturday Pickup-Date: 2025/12/06 Pickup-Location-Company: UTRECHT - Steck Pickup-Location-Address-Line-1: Gageldijk 3 Pickup-Location-City: Utrecht Pickup-Location-Postal-Code: 3566 ME Pickup-Location-Country: Netherlands Checkout-Method: pickup Pickup-Time: | C142: saturday | D142: 45997 | F142: UTRECHT - Steck | G142: #BB-25-6981 | H142: UTRECHT-STECK-BOOM-MET-BORG-175-200 | I142: 10422147907907 | J142: 06-12-2025, Pickup Order, Saturday, UTRECHT-STECK, WAKE-UP | L142: Utrecht Steck - BB met kluit (incl. €10 borg) - 175-200 cm | M142: 1 | N142: ut-vandestreek-boom-met-borg | O142: Utrecht Steck - BB met kluit (incl. €10 borg) | Q142: Line Item | R142: 32663253221699 | V142: MET-175-200
A143: DEN-HAAG-PLUK-BOOM-MET-BORG-100-125 | B143: Pickup-Location-Id: 278026 Pickup-Day: saturday Pickup-Date: 2025/12/06 Pickup-Time: 12\:00 PM Pickup-Location-Company: DEN HAAG - Pluk! Pickup-Location-Address-Line-1: Loosduinse Hoofdstraat Pickup-Location-City: Den Haag Pickup-Location-Postal-Code: 2552 AV Pickup-Location-Country: Netherlands Pickup-Location-Phone: 0653459881 Checkout-Method: pickup | C143: saturday | D143: 45997 | E143: 12\:00 PM | F143: DEN HAAG - Pluk! | G143: #BB-25-6982 | H143: DEN-HAAG-PLUK-BOOM-MET-BORG-100-125 | I143: 10422155149635 | J143: 06-12-2025, 12:00, DENHAAG-PLUK, Pickup Order, Saturday, WAKE-UP | L143: Den Haag Pluk - BB met kluit (incl. €10 borg) - 100-125 cm | M143: 1 | N143: dh-pluk-boom-met-borg | O143: Den Haag Pluk - BB met kluit (incl. €10 borg) | Q143: Line Item | R143: 32663268622659 | V143: MET-100-125
A144: AMSTERDAM- KOPVANOOST-BOOM-ZONDER-175-200 | B144: Pickup-Location-Id: 278024 Pickup-Day: sunday Pickup-Date: 2025/12/07 Pickup-Time: 1\:00 PM Pickup-Location-Company: AMSTERDAM - Kop van Oost Pickup-Location-Address-Line-1: Zeeburgerpad 1 Pickup-Location-City: Amsterdam Pickup-Location-Postal-Code: 1018 AH Pickup-Location-Country: Netherlands Checkout-Method: pickup | C144: sunday | D144: 45998 | E144: 1\:00 PM | F144: AMSTERDAM - Kop van Oost | G144: #BB-25-6952 | H144: AMSTERDAM- KOPVANOOST-BOOM-ZONDER-175-200 | I144: 10413902266691 | J144: 07-12-2025, 13:00, AMSTERDAM-KOP, Pickup Order, Sunday, WAKE-UP | L144: Amsterdam Kop van Oost - BB zonder kluit - 175-200 cm | M144: 1 | N144: amd-mosselengin-boom-zonder | O144: Amsterdam Kop van Oost - BB zonder kluit | Q144: Line Item | R144: 32644007756099 | V144: ZONDER-175-200
A145: HAARLEM-HOUTBAAR-BOOM-MET-BORG-100-125 | B145: Pickup-Location-Id: 279658 Pickup-Day: wednesday Pickup-Date: 2025/12/03 Pickup-Time: 7\:10 PM Pickup-Location-Company: HAARLEM - Houtbaar Pickup-Location-Address-Line-1: Woudplein 2 Pickup-Location-City: Haarlem Pickup-Location-Postal-Code: 2031 CZ Pickup-Location-Country: Netherlands Checkout-Method: pickup | C145: wednesday | D145: 45994 | E145: 7\:10 PM | F145: HAARLEM - Houtbaar | G145: #BB-25-6953 | H145: HAARLEM-HOUTBAAR-BOOM-MET-BORG-100-125 | I145: 10413969441091 | J145: 03-12-2025, 19:10, HAARLEM-HOUTBAAR, Pickup Order, WAKE-UP, Wednesday | L145: Haarlem Houtbaar - BB met kluit (incl. €10 borg) - 100-125 | M145: 1 | N145: hl-houtbaar-boom-met-borg | O145: Haarlem Houtbaar - BB met kluit (incl. €10 borg) | Q145: Line Item | R145: 32644142498115 | V145: MET-100-125
A146: AMSTERDAM- KOPVANOOST-BOOM-ZONDER-150-175 | B146: Pickup-Location-Id: 278024 Pickup-Day: sunday Pickup-Date: 2025/12/07 Pickup-Time: 11\:00 AM Pickup-Location-Company: AMSTERDAM - Kop van Oost Pickup-Location-Address-Line-1: Zeeburgerpad 1 Pickup-Location-City: Amsterdam Pickup-Location-Postal-Code: 1018 AH Pickup-Location-Country: Netherlands Checkout-Method: pickup | C146: sunday | D146: 45998 | E146: 11\:00 AM | F146: AMSTERDAM - Kop van Oost | G146: #BB-25-6972 | H146: AMSTERDAM- KOPVANOOST-BOOM-ZONDER-150-175 | I146: 10419456704835 | J146: 07-12-2025, 11:00, AMSTERDAM-KOP, Pickup Order, Sunday, WAKE-UP | L146: Amsterdam Kop van Oost - BB zonder kluit - 150-175 cm | M146: 1 | N146: amd-mosselengin-boom-zonder | O146: Amsterdam Kop van Oost - BB zonder kluit | Q146: Line Item | R146: 32657972199747 | V146: ZONDER-150-175
...

Sheet UTRECHT - Namelijst
A1: Name | B1: Billing: First Name | C1: Billing: Last Name | D1: Line: SKU | E1: Line: Quantity | G1: Pickup-Day | H1: Pickup-Date | I1: Pickup-Time | J1: Pickup-Location-Company | K1: Line: Name | L1: Customer: Email | M1: Boomtype
A2: #BB-25-6872 | B2: Inge | C2: van Houdt | D2: UTRECHT-STECK-BOOM-MET-BORG-175-200 | E2: 1 | G2: sunday | H2: 45998 | J2: UTRECHT - Steck | K2: Utrecht Steck - BB met kluit (incl. €10 borg) - 175-200 cm | L2: isvhoudt@gmail.com | M2: MET-175-200
A3: #BB-25-6870 | B3: Marieke | C3: Zwaanswijk | D3: EDE-KANTINE-GEBOUW-ENKA-BOOM-MET-BORG-125-150 | E3: 1 | G3: saturday | H3: 45997 | I3: 10\:30 AM | J3: EDE - Kantine gebouw Enka | K3: Ede De Kantine Enka - BB met kluit (incl. €10 borg) - 125-150 cm | L3: marieke.zwaanswijk@hotmail.com | M3: MET-125-150
A4: #BB-25-6876 | B4: Annet | C4: Troelstra | D4: UTRECHT-STECK-BOOM-MET-BORG-125-150 | E4: 1 | G4: sunday | H4: 45998 | J4: UTRECHT - Steck | K4: Utrecht Steck - BB met kluit (incl. €10 borg) - 125-150 cm | L4: a.troelstra@me.com | M4: MET-125-150
A5: #BB-25-6875 | B5: Geertjan | C5: Aleven | D5: UTRECHT-STECK-BOOM-MET-BORG-150-175 | E5: 1 | G5: sunday | H5: 45998 | J5: UTRECHT - Steck | K5: Utrecht Steck - BB met kluit (incl. €10 borg) - 150-175 cm | L5: geertjan@hartenhoofd.nl | M5: MET-150-175
A6: #BB-25-6879 | B6: Marielle | C6: Spronck | D6: UTRECHT-STECK-BOOM-MET-BORG-100-125 | E6: 1 | G6: monday | H6: 45992 | J6: UTRECHT - Steck | K6: Utrecht Steck - BB met kluit (incl. €10 borg) - 100-125 cm | L6: mariellespronck@gmail.com | M6: MET-100-125
A7: #BB-25-6882 | B7: Bram | C7: Coolen | D7: UTRECHT-STECK-BOOM-MET-BORG-125-150 | E7: 1 | G7: sunday | H7: 45991 | J7: UTRECHT - Steck | K7: Utrecht Steck - BB met kluit (incl. €10 borg) - 125-150 cm | L7: bramcoolen1982@gmail.com | M7: MET-125-150
A8: #BB-25-6877 | B8: Hermine | C8: Reuchlin | D8: UTRECHT-STECK-BOOM-MET-BORG-100-125 | E8: 1 | G8: saturday | H8: 45997 | J8: UTRECHT - Steck | K8: Utrecht Steck - BB met kluit (incl. €10 borg) - 100-125 cm | L8: info@herminereuchlin.nl | M8: MET-100-125
A9: #BB-25-6874 | B9: Bregje | C9: van den Berg | D9: UTRECHT-STECK-BOOM-MET-BORG-125-150 | E9: 1 | G9: wednesday | H9: 45994 | J9: UTRECHT - Steck | K9: Utrecht Steck - BB met kluit (incl. €10 borg) - 125-150 cm | L9: bregje0310@gmail.com | M9: MET-125-150
A10: #BB-25-6886 | B10: Marike | C10: STRASHEIM | D10: UTRECHT-STECK-BOOM-MET-BORG-150-175 | E10: 1 | G10: saturday | H10: 45990 | J10: UTRECHT - Steck | K10: Utrecht Steck - BB met kluit (incl. €10 borg) - 150-175 cm | L10: marike.strasheim@gmail.com | M10: MET-150-175
A11: #BB-25-6880 | B11: Renate | C11: de Jaeger | D11: BREDA-KINDERBOERDERIJ-WOLFSLAAR-BOOM-MET-BORG-125-150 | E11: 1 | G11: saturday | H11: 45997 | I11: 1\:40 PM | J11: BREDA - Kinderboerderij Wolfslaar | K11: Breda Wolfslaar - BB met kluit (incl. €10 borg) - 125-150 cm | L11: rm.de.jaeger@ziggo.nl | M11: MET-125-150
A12: #BB-25-6884 | B12: Simone | C12: van Eik | D12: AMSTERDAM-HOUSE-OF-WATT-BOOM-MET-BORG-125-150 | E12: 1 | G12: sunday | H12: 45991 | I12: 1\:00 PM | J12: AMSTERDAM - Molen De Otter | K12: Amsterdam Molen de Otter - BB met kluit (incl. €10 borg) - 125-150 cm | L12: vaneiks@gmail.com | M12: MET-125-150
A13: #BB-25-6887 | B13: Misja | C13: de Bruijn | D13: BREDA-FRONTAAL-BOOM-MET-BORG-125-150 | E13: 1 | G13: saturday | H13: 45997 | I13: 2\:00 PM | J13: BREDA - Frontaal | K13: Breda Frontaal - BB met kluit (incl. €10 borg) - 125-150 | L13: debruijnmisja@gmail.com | M13: MET-125-150
A14: #BB-25-6891 | B14: Margot | C14: Huijgen | D14: UTRECHT-STECK-BOOM-MET-BORG-100-125 | E14: 1 | G14: monday | H14: 45992 | J14: UTRECHT - Steck | K14: Utrecht Steck - BB met kluit (incl. €10 borg) - 100-125 cm | L14: margothuijgen@gmail.com | M14: MET-100-125
A15: #BB-25-6883 | B15: Dirk | C15: R. | D15: DEN-HAAG-PLUK-BOOM-ZONDER-150-175 | E15: 1 | G15: saturday | H15: 45997 | I15: 11\:00 AM | J15: DEN HAAG - Pluk! | K15: Den Haag Pluk - BB zonder kluit - 150-175 cm | L15: dirkjan.rijneveld@gmail.com | M15: ZONDER-150-175
A16: #BB-25-6894 | B16: Metta | C16: Pratt | D16: UTRECHT-STECK-BOOM-MET-BORG-150-175 | E16: 1 | G16: thursday | H16: 45995 | J16: UTRECHT - Steck | K16: Utrecht Steck - BB met kluit (incl. €10 borg) - 150-175 cm | L16: mettapratt@gmail.com | M16: MET-150-175
A17: #BB-25-6889 | B17: Chiara | C17: Treglia | D17: EINDHOVEN-WASVEN-BOOM-MET-BORG-125-150 | E17: 1 | G17: saturday | H17: 45997 | I17: 10\:15 AM | J17: EINDHOVEN - Wasven | K17: Eindhoven Wasven - BB met kluit (incl. €10 borg) - 125-150 cm | L17: info@chiaratreglia.com | M17: MET-125-150
A18: #BB-25-6890 | B18: Tiffany | C18: Tjong | D18: AMSTERDAM-KOPVANOOST-BOOM-MET-BORG-125-150 | E18: 1 | G18: sunday | H18: 45998 | I18: 2\:00 PM | J18: AMSTERDAM - Kop van Oost | K18: Amsterdam Kop van Oost - BB met kluit (incl. €10 borg) - 125-150 cm | L18: tiffany.tjong@gmail.com | M18: MET-125-150
A19: #BB-25-6898 | B19: Richard | C19: Duplock | D19: UTRECHT-STECK-BOOM-MET-BORG-125-150 | E19: 1 | G19: saturday | H19: 45997 | J19: UTRECHT - Steck | K19: Utrecht Steck - BB met kluit (incl. €10 borg) - 125-150 cm | L19: richard.duplock@outlook.com | M19: MET-125-150
A20: #BB-25-6893 | B20: Roos | C20: Kool | D20: EDE-KANTINE-GEBOUW-ENKA-BOOM-ZONDER-175-200 | E20: 1 | G20: saturday | H20: 45997 | I20: 10\:30 AM | J20: EDE - Kantine gebouw Enka | K20: Ede De Kantine Enka - BB zonder kluit - 175-200 cm | L20: hanneroosbouwman@gmail.com | M20: ZONDER-175-200
A21: #BB-25-6900 | B21: Arjan | C21: van Asselt | D21: EDE-KANTINE-GEBOUW-ENKA-BOOM-MET-BORG-100-125 | E21: 1 | G21: saturday | H21: 45997 | I21: 12\:15 PM | J21: EDE - Kantine gebouw Enka | K21: Ede De Kantine Enka - BB met kluit (incl. €10 borg) - 100-125 cm | L21: arjan.vanasselt@gmail.com | M21: MET-100-125
A22: #BB-25-6895 | B22: U | C22: Schiller | D22: LEIDEN-PLNT-BOOM-MET-BORG-100-125 | E22: 1 | G22: sunday | H22: 45991 | I22: 12\:00 PM | J22: LEIDEN - The Fields | K22: Leiden the field - BB met kluit (incl. €10 borg) - 100-125 cm | L22: myriam.schiller@gmail.com | M22: MET-100-125
A23: #BB-25-6897 | B23: Emma | C23: Smit | D23: AMSTERDAM-VONDELTUIN-BOOM-MET-125-150 | E23: 1 | G23: saturday | H23: 45997 | I23: 12\:00 PM | J23: AMSTERDAM - Vondeltuin | K23: Amsterdam Vondeltuin - BB met kluit (incl. €10 borg) - 125-150 cm | L23: xemmasmit@hotmail.com | M23: MET-125-150
A24: #BB-25-6904 | B24: Kari | C24: Jasperse | D24: UTRECHT-STECK-BOOM-MET-BORG-125-150 | E24: 1 | G24: thursday | H24: 45995 | J24: UTRECHT - Steck | K24: Utrecht Steck - BB met kluit (incl. €10 borg) - 125-150 cm | L24: karivita02@hotmail.com | M24: MET-125-150
A25: #BB-25-6899 | B25: Odilia | C25: Laceulle | D25: UTRECHT-STECK-BOOM-ZONDER-150-175 | E25: 1 | G25: sunday | H25: 45997 | J25: UTRECHT - Steck | K25: Utrecht Steck - BB zonder kluit - 150-175 cm | L25: odilialac@hotmail.com | M25: ZONDER-150-175
A26: #BB-25-6906 | B26: Febe | C26: van Maldegem | D26: UTRECHT-STECK-BOOM-MET-BORG-175-200 | E26: 1 | G26: saturday | H26: 45990 | J26: UTRECHT - Steck | K26: Utrecht Steck - BB met kluit (incl. €10 borg) - 175-200 cm | L26: beterboompje@email.febe.nl | M26: MET-175-200
A27: #BB-25-6903 | B27: Daniël | C27: Reinders | D27: GOUDA-STADSKANT-BOOM-MET-BORG-125-150 | E27: 1 | G27: saturday | H27: 45997 | I27: 10\:15 AM | J27: GOUDA - Stadskant | K27: Gouda Stadskant - BB met kluit (incl. €10 borg) - 125-150 cm | L27: daniel@danielreinders.nl | M27: MET-125-150
A28: #BB-25-6902 | B28: Rosalie | C28: Snijders | D28: DEN-HAAG-PLUK-BOOM-MET-BORG-125-150 | E28: 1 | G28: saturday | H28: 45997 | I28: 12\:00 PM | J28: DEN HAAG - Pluk! | K28: Den Haag Pluk - BB met kluit (incl. €10 borg) - 125-150 cm | L28: snijdersrosalie@hotmail.com | M28: MET-125-150
A29: #BB-25-6910 | B29: Renske | C29: Stel | D29: UTRECHT-STECK-BOOM-MET-BORG-125-150 | E29: 1 | G29: saturday | H29: 45997 | J29: UTRECHT - Steck | K29: Utrecht Steck - BB met kluit (incl. €10 borg) - 125-150 cm | L29: renskepompe@hotmail.com | M29: MET-125-150
A30: #BB-25-6913 | B30: C. | C30: Snoeij | D30: GOUDA-STADSKANT-BOOM-MET-BORG-125-150 | E30: 1 | G30: sunday | H30: 45998 | I30: 12\:45 PM | J30: GOUDA - Stadskant | K30: Gouda Stadskant - BB met kluit (incl. €10 borg) - 125-150 cm | L30: cornesnoeij@soverin.net | M30: MET-125-150
A31: #BB-25-6905 | B31: Marie-Louise | C31: Beuming | D31: AMSTERDAM-VONDELTUIN-BOOM-ZONDER-175-200 | E31: 1 | G31: saturday | H31: 45997 | I31: 10\:00 AM | J31: AMSTERDAM - Vondeltuin | K31: Amsterdam Vondeltuin - BB zonder kluit - 175-200 cm | L31: mbeuming@xs4all.nl | M31: ZONDER-175-200
A32: #BB-25-6915 | B32: Marja | C32: Heier | D32: UTRECHT-STECK-BOOM-MET-BORG-100-125 | E32: 1 | G32: wednesday | H32: 45994 | J32: UTRECHT - Steck | K32: Utrecht Steck - BB met kluit (incl. €10 borg) - 100-125 cm | L32: mrjheier@gmail.com | M32: MET-100-125
A33: #BB-25-6907 | B33: Sabien | C33: Gerretse | D33: BREDA-FRONTAAL-BOOM-ZONDER-175-200 | E33: 1 | G33: saturday | H33: 45997 | I33: 2\:00 PM | J33: BREDA - Frontaal | K33: Breda Frontaal - BB zonder kluit - 175-200 | L33: sgerretse@outlook.com | M33: ZONDER-175-200
A34: #BB-25-6917 | B34: addy | C34: zwiebel | D34: UTRECHT-STECK-BOOM-MET-BORG-125-150 | E34: 1 | G34: saturday | H34: 45990 | J34: UTRECHT - Steck | K34: Utrecht Steck - BB met kluit (incl. €10 borg) - 125-150 cm | L34: aprzwiebel@gmail.com | M34: MET-125-150
A35: #BB-25-6918 | B35: Puck | C35: Metgod | D35: AMSTERDAM-VONDELTUIN-BOOM-MET-150-175 | E35: 1 | G35: saturday | H35: 45997 | I35: 11\:00 AM | J35: AMSTERDAM - Vondeltuin | K35: Amsterdam Vondeltuin - BB met kluit (incl. €10 borg) - 150-175 cm | L35: puckmetgod@gmail.com | M35: MET-150-175
A36: #BB-25-6919 | B36: Elysa | C36: Overdijk | D36: EDE-KANTINE-GEBOUW-ENKA-BOOM-MET-BORG-125-150 | E36: 1 | G36: saturday | H36: 45997 | I36: 10\:00 AM | J36: EDE - Kantine gebouw Enka | K36: Ede De Kantine Enka - BB met kluit (incl. €10 borg) - 125-150 cm | L36: elysaoverdijk@gmail.com | M36: MET-125-150
A37: #BB-25-6920 | B37: Jochem | C37: Kuijs | D37: AMSTERDAM-KOPVANOOST-BOOM-MET-BORG-175-200 | E37: 1 | G37: sunday | H37: 45998 | I37: 11\:00 AM | J37: AMSTERDAM - Kop van Oost | K37: Amsterdam Kop van Oost - BB met kluit (incl. €10 borg) - 175-200 cm | L37: jochemkuijs@hotmail.com | M37: MET-175-200
A38: #BB-25-6921 | B38: Dik | C38: Habbema | D38: UTRECHT-STECK-BOOM-MET-BORG-125-150 | E38: 1 | G38: friday | H38: 45996 | J38: UTRECHT - Steck | K38: Utrecht Steck - BB met kluit (incl. €10 borg) - 125-150 cm | L38: dikhabbema@hotmail.com | M38: MET-125-150
A39: #BB-25-6922 | B39: Mitchel | C39: Bakker | D39: AMSTERDAM-VONDELTUIN-BOOM-MET-150-175 | E39: 1 | G39: saturday | H39: 46004 | I39: 11\:30 AM | J39: AMSTERDAM - Vondeltuin | K39: Amsterdam Vondeltuin - BB met kluit (incl. €10 borg) - 150-175 cm | L39: mitchel1993@gmail.com | M39: MET-150-175
A40: #BB-25-6923 | B40: Sabien | C40: Froger | D40: BREDA-KINDERBOERDERIJ-WOLFSLAAR-BOOM-MET-BORG-125-150 | E40: 1 | G40: sunday | H40: 45998 | I40: 11\:00 AM | J40: BREDA - Kinderboerderij Wolfslaar | K40: Breda Wolfslaar - BB met kluit (incl. €10 borg) - 125-150 cm | L40: sabienfr@hotmail.com | M40: MET-125-150
A41: #BB-25-6909 | B41: Joke | C41: Oprel | D41: ROTTERDAM-HET-WITTE-PAARD-BOOM-MET-BORG-100-125 | E41: 1 | G41: saturday | H41: 45997 | I41: 11\:00 AM | J41: ROTTERDAM - Het witte paard | K41: Rotterdam Het Witte Paard - BB met kluit (incl. €10 borg) - 100-125 cm | L41: joke.oprel@gmail.com | M41: MET-100-125
A42: #BB-25-6928 | B42: Robbert | C42: Thijssen | D42: UTRECHT-STECK-BOOM-MET-BORG-150-175 | E42: 1 | G42: sunday | H42: 45991 | J42: UTRECHT - Steck | K42: Utrecht Steck - BB met kluit (incl. €10 borg) - 150-175 cm | L42: marliesrobbert@yahoo.com | M42: MET-150-175
A43: #BB-25-6914 | B43: Michiel | C43: Doorman | D43: UTRECHT-WILLEM-DE-ZWIJGER-BOOM-MET-BORG-150-175 | E43: 1 | G43: sunday | H43: 45998 | I43: 10\:35 AM | J43: UTRECHT - Scouting Willem de Zwijger | K43: Utrecht Willem de Zwijger - BB met kluit (incl. €10 borg) - 150-175 cm | L43: doorman@kpnplanet.nl | M43: MET-150-175
A44: #BB-25-6930 | B44: Madelon | C44: Lombardi | D44: EINDHOVEN-WASVEN-BOOM-MET-BORG-150-175 | E44: 1 | G44: saturday | H44: 45997 | I44: 11\:15 AM | J44: EINDHOVEN - Wasven | K44: Eindhoven Wasven - BB met kluit (incl. €10 borg) - 150-175 cm | L44: lombardi.madelon@orange.fr | M44: MET-150-175
A45: #BB-25-6916 | B45: Rianne | C45: van Swieten | D45: BREDA-KINDERBOERDERIJ-WOLFSLAAR-BOOM-ZONDER-150-175 | E45: 1 | G45: sunday | H45: 45998 | I45: 12\:00 PM | J45: BREDA - Kinderboerderij Wolfslaar | K45: Breda Wolfslaar - BB zonder kluit - 150-175 cm | L45: rianne_van_swieten@hotmail.com | M45: ZONDER-150-175
A46: #BB-25-6925 | B46: Ingrid | C46: Ter Laak | D46: ROTTERDAM-BELEVENISBOERDERIJ-SCHIEVEEN-BOOM-MET-BORG-150-175 | E46: 1 | G46: saturday | H46: 45997 | I46: 11\:00 AM | J46: ROTTERDAM - Belevenisboerderij Schieveen | K46: Rotterdam Belevenisboerderij Schieveen - BB met kluit (incl. €10 borg) - 150-175 cm | L46: xingriddx@live.com | M46: MET-150-175
A47: #BB-25-6933 | B47: Marloes | C47: Koele | D47: ROTTERDAM-BELEVENISBOERDERIJ-SCHIEVEEN-BOOM-MET-BORG-175-200 | E47: 1 | G47: sunday | H47: 45998 | I47: 2\:30 PM | J47: ROTTERDAM - Belevenisboerderij Schieveen | K47: Rotterdam Belevenisboerderij Schieveen - BB met kluit (incl. €10 borg) - 175-200 cm | L47: marloeskoele@gmail.com | M47: MET-175-200
A48: #BB-25-6934 | B48: Anne | C48: Koopmans | D48: DEN-HAAG-PLUK-BOOM-ZONDER-175-200 | E48: 1 | G48: saturday | H48: 45997 | I48: 12\:00 PM | J48: DEN HAAG - Pluk! | K48: Den Haag Pluk - BB zonder kluit - 175-200 cm | L48: Anne_koopmans@yahoo.com | M48: ZONDER-175-200
A49: #BB-25-6936 | B49: Bastiaan | C49: Rotsteeg | D49: ROTTERDAM-BELEVENISBOERDERIJ-SCHIEVEEN-BOOM-MET-BORG-150-175 | E49: 1 | G49: saturday | H49: 45997 | I49: 11\:00 AM | J49: ROTTERDAM - Belevenisboerderij Schieveen | K49: Rotterdam Belevenisboerderij Schieveen - BB met kluit (incl. €10 borg) - 150-175 cm | L49: bastiaan.rotsteeg@gmail.com | M49: MET-150-175
A50: #BB-25-6937 | B50: Pauline | C50: Jacobs | D50: UTRECHT-STECK-BOOM-ZONDER-175-200 | E50: 1 | G50: thursday | H50: 45995 | J50: UTRECHT - Steck | K50: Utrecht Steck - BB zonder kluit - 175-200 cm | L50: pauline-jacobs@live.nl | M50: ZONDER-175-200
A51: #BB-25-6939 | B51: Merlijn | C51: Kopp | D51: AMSTERDAM-HOUSE-OF-WATT-BOOM-MET-BORG-100-125 | E51: 1 | G51: sunday | H51: 45991 | I51: 4\:30 PM | J51: AMSTERDAM - Molen De Otter | K51: Amsterdam Molen de Otter - BB met kluit (incl. €10 borg) - 100-125 cm | L51: merlijn_kopp@hotmail.com | M51: MET-100-125
A52: #BB-25-6940 | B52: Iris | C52: Boom | D52: ROTTERDAM-BELEVENISBOERDERIJ-SCHIEVEEN-BOOM-MET-BORG-150-175 | E52: 1 | G52: saturday | H52: 45997 | I52: 11\:00 AM | J52: ROTTERDAM - Belevenisboerderij Schieveen | K52: Rotterdam Belevenisboerderij Schieveen - BB met kluit (incl. €10 borg) - 150-175 cm | L52: irisboomiris@gmail.com | M52: MET-150-175
A53: #BB-25-6941 | B53: Roos | C53: Tallen | D53: UTRECHT-STECK-BOOM-ZONDER-150-175 | E53: 1 | G53: friday | H53: 45996 | J53: UTRECHT - Steck | K53: Utrecht Steck - BB zonder kluit - 150-175 cm | L53: roosmarijntallen@gmail.com | M53: ZONDER-150-175
A54: #BB-25-6942 | B54: Lotte | C54: Vermeer | D54: EINDHOVEN-WASVEN-BOOM-MET-BORG-100-125 | E54: 1 | G54: saturday | H54: 45997 | I54: 12\:15 PM | J54: EINDHOVEN - Wasven | K54: Eindhoven Wasven - BB met kluit (incl. €10 borg) - 100-125 cm | L54: lotte.vermeer96@gmail.com | M54: MET-100-125
A55: #BB-25-6943 | B55: Julia | C55: Wienk | D55: AMSTERDAM-HOUSE-OF-WATT-BOOM-MET-BORG-125-150 | E55: 1 | G55: sunday | H55: 45991 | I55: 1\:00 PM | J55: AMSTERDAM - Molen De Otter | K55: Amsterdam Molen de Otter - BB met kluit (incl. €10 borg) - 125-150 cm | L55: juliacecilewienk@hotmail.com | M55: MET-125-150
A56: #BB-25-6944 | B56: Karlijn | C56: Hofstraat | D56: UTRECHT-STECK-BOOM-MET-BORG-125-150 | E56: 1 | G56: thursday | H56: 45995 | J56: UTRECHT - Steck | K56: Utrecht Steck - BB met kluit (incl. €10 borg) - 125-150 cm | L56: khofstraat@outlook.com | M56: MET-125-150
A57: #BB-25-6945 | B57: Julie | C57: van Vliet | D57: AMSTERDAM-VONDELTUIN-BOOM-ZONDER-175-200 | E57: 1 | G57: saturday | H57: 45997 | I57: 10\:00 AM | J57: AMSTERDAM - Vondeltuin | K57: Amsterdam Vondeltuin - BB zonder kluit - 175-200 cm | L57: julievanvliet@live.nl | M57: ZONDER-175-200
A58: #BB-25-6947 | B58: Eef | C58: Smeets | D58: ROTTERDAM-BELEVENISBOERDERIJ-SCHIEVEEN-BOOM-MET-BORG-125-150 | E58: 1 | G58: sunday | H58: 45998 | I58: 11\:00 AM | J58: ROTTERDAM - Belevenisboerderij Schieveen | K58: Rotterdam Belevenisboerderij Schieveen - BB met kluit (incl. €10 borg) - 125-150 cm | L58: eefsmeets@gmail.com | M58: MET-125-150
A59: #BB-25-6948 | B59: Laura | C59: Olthof | D59: ROTTERDAM-BELEVENISBOERDERIJ-SCHIEVEEN-BOOM-MET-BORG-125-150 | E59: 1 | G59: sunday | H59: 45998 | I59: 11\:00 AM | J59: ROTTERDAM - Belevenisboerderij Schieveen | K59: Rotterdam Belevenisboerderij Schieveen - BB met kluit (incl. €10 borg) - 125-150 cm | L59: ao.laura@gmail.com | M59: MET-125-150
A60: #BB-25-6949 | B60: jeske | C60: Luiten | D60: UTRECHT-STECK-BOOM-ZONDER-150-175 | E60: 1 | G60: saturday | H60: 45990 | J60: UTRECHT - Steck | K60: Utrecht Steck - BB zonder kluit - 150-175 cm | L60: jjeske@hotmail.com | M60: ZONDER-150-175
A61: #BB-25-6929 | B61: Marjolein | C61: Van Noort | D61: BREDA-KINDERBOERDERIJ-WOLFSLAAR-BOOM-ZONDER-150-175 | E61: 1 | G61: sunday | H61: 45998 | I61: 12\:40 PM | J61: BREDA - Kinderboerderij Wolfslaar | K61: Breda Wolfslaar - BB zonder kluit - 150-175 cm | L61: mlvannoort@hotmail.com | M61: ZONDER-150-175
A62: #BB-25-6951 | B62: Jolanda | C62: de Swart | D62: BREDA-FRONTAAL-BOOM-ZONDER-150-175 | E62: 1 | G62: saturday | H62: 45997 | I62: 2\:00 PM | J62: BREDA - Frontaal | K62: Breda Frontaal - BB zonder kluit - 150-175 | L62: jootje72@yahoo.com | M62: ZONDER-150-175
A63: #BB-25-6931 | B63: Pim | C63: Van Paassen | D63: ROTTERDAM-BELEVENISBOERDERIJ-SCHIEVEEN-BOOM-ZONDER-175-200 | E63: 1 | G63: saturday | H63: 45997 | I63: 12\:00 PM | J63: ROTTERDAM - Belevenisboerderij Schieveen | K63: Rotterdam Belevenisboerderij Schieveen - BB zonder kluit - 175-200 cm | L63: wdvanpaassen@gmail.com | M63: ZONDER-175-200
A64: #BB-25-6932 | B64: Anouk | C64: Jansen | D64: ROTTERDAM-BELEVENISBOERDERIJ-SCHIEVEEN-BOOM-MET-BORG-125-150 | E64: 1 | G64: saturday | H64: 45997 | I64: 12\:00 PM | J64: ROTTERDAM - Belevenisboerderij Schieveen | K64: Rotterdam Belevenisboerderij Schieveen - BB met kluit (incl. €10 borg) - 125-150 cm | L64: ajansen.98@live.nl | M64: MET-125-150
A65: #BB-25-6954 | B65: Claudia | C65: Cuypers | D65: UTRECHT-STECK-BOOM-MET-BORG-150-175 | E65: 1 | G65: saturday | H65: 45990 | J65: UTRECHT - Steck | K65: Utrecht Steck - BB met kluit (incl. €10 borg) - 150-175 cm | L65: Cuypersclaudia@gmail.com | M65: MET-150-175
A66: #BB-25-6955 | B66: Rikke | C66: Komen | D66: AMSTERDAM-KOPVANOOST-BOOM-MET-BORG-150-175 | E66: 1 | G66: sunday | H66: 45998 | I66: 12\:00 PM | J66: AMSTERDAM - Kop van Oost | K66: Amsterdam Kop van Oost - BB met kluit (incl. €10 borg) - 150-175 cm | L66: rikkekomen@hotmail.com | M66: MET-150-175
A67: #BB-25-6956 | B67: Bram | C67: van Duijvenboden | D67: DEN-HAAG-PLUK-BOOM-MET-BORG-125-150 | E67: 1 | G67: saturday | H67: 45997 | I67: 11\:00 AM | J67: DEN HAAG - Pluk! | K67: Den Haag Pluk - BB met kluit (incl. €10 borg) - 125-150 cm | L67: vanduijvenbodenpel@proton.me | M67: MET-125-150
A68: #BB-25-6957 | B68: Lisa | C68: Rübsteck | D68: LEIDEN-PLNT-BOOM-MET-BORG-125-150 | E68: 1 | G68: sunday | H68: 45991 | I68: 2\:30 PM | J68: LEIDEN - The Fields | K68: Leiden the field - BB met kluit (incl. €10 borg) - 125-150 cm | L68: lisa.borner@gmail.com | M68: MET-125-150
A69: #BB-25-6959 | B69: Jelmer | C69: Vorstenburg | D69: AMSTERDAM-VONDELTUIN-BOOM-MET-175-200 | E69: 1 | G69: saturday | H69: 45997 | I69: 12\:00 PM | J69: AMSTERDAM - Vondeltuin | K69: Amsterdam Vondeltuin - BB met kluit (incl. €10 borg) - 175-200 cm | L69: jelmer@vorstenburg.com | M69: MET-175-200
A70: #BB-25-6960 | B70: Eline | C70: Kamerik | D70: EDE-KANTINE-GEBOUW-ENKA-BOOM-MET-BORG-125-150 | E70: 1 | G70: saturday | H70: 45997 | I70: 10\:30 AM | J70: EDE - Kantine gebouw Enka | K70: Ede De Kantine Enka - BB met kluit (incl. €10 borg) - 125-150 cm | L70: e.kamerik@hotmail.com | M70: MET-125-150
A71: #BB-25-6961 | B71: Jemima | C71: Cardenas | D71: LEIDEN-PLNT-BOOM-MET-BORG-125-150 | E71: 1 | G71: sunday | H71: 45991 | I71: 2\:30 PM | J71: LEIDEN - The Fields | K71: Leiden the field - BB met kluit (incl. €10 borg) - 125-150 cm | L71: jena_cm@hotmail.com | M71: MET-125-150
A72: #BB-25-6963 | B72: Y. C | C72: Mets | D72: DEN-HAAG-PLUK-BOOM-MET-BORG-175-200 | E72: 1 | G72: saturday | H72: 45997 | I72: 1\:30 PM | J72: DEN HAAG - Pluk! | K72: Den Haag Pluk - BB met kluit (incl. €10 borg) - 175-200 cm | L72: yvette.mets@gmail.com | M72: MET-175-200
A73: #BB-25-6967 | B73: Michiel | C73: Flaton | D73: LEIDEN-PLNT-BOOM-MET-BORG-150-175 | E73: 1 | G73: sunday | H73: 45991 | I73: 12\:00 PM | J73: LEIDEN - The Fields | K73: Leiden the field - BB met kluit (incl. €10 borg) - 150-175 cm | L73: michielflaton@hotmail.com | M73: MET-150-175
A74: #BB-25-6969 | B74: Jeroen | C74: Dekker | D74: EDE-KANTINE-GEBOUW-ENKA-BOOM-ZONDER-175-200 | E74: 1 | G74: saturday | H74: 45997 | I74: 10\:30 AM | J74: EDE - Kantine gebouw Enka | K74: Ede De Kantine Enka - BB zonder kluit - 175-200 cm | L74: jeroen.marion@hotmail.com | M74: ZONDER-175-200
A75: #BB-25-6971 | B75: Machteld | C75: Nuiver | D75: UTRECHT-STECK-BOOM-MET-BORG-125-150 | E75: 1 | G75: saturday | H75: 45990 | J75: UTRECHT - Steck | K75: Utrecht Steck - BB met kluit (incl. €10 borg) - 125-150 cm | L75: machteld.elena@gmail.com | M75: MET-125-150
A76: #BB-25-6950 | B76: Marleen | C76: Westhuis | D76: ROTTERDAM-BELEVENISBOERDERIJ-SCHIEVEEN-BOOM-ZONDER-150-175 | E76: 1 | G76: sunday | H76: 45998 | I76: 11\:00 AM | J76: ROTTERDAM - Belevenisboerderij Schieveen | K76: Rotterdam Belevenisboerderij Schieveen - BB zonder kluit - 150-175 cm | L76: mkwesthuis@hotmail.com | M76: ZONDER-150-175
A77: #BB-25-6973 | B77: Linda | C77: Van Kleef | D77: ROTTERDAM-BELEVENISBOERDERIJ-SCHIEVEEN-BOOM-ZONDER-175-200 | E77: 1 | G77: sunday | H77: 45998 | I77: 11\:00 AM | J77: ROTTERDAM - Belevenisboerderij Schieveen | K77: Rotterdam Belevenisboerderij Schieveen - BB zonder kluit - 175-200 cm | L77: linda_van_kleef@hotmail.com | M77: ZONDER-175-200
A78: #BB-25-6974 | B78: Hannah | C78: Eigeman | D78: UTRECHT-WILLEM-DE-ZWIJGER-BOOM-MET-BORG-125-150 | E78: 1 | G78: sunday | H78: 45998 | I78: 10\:15 AM | J78: UTRECHT - Scouting Willem de Zwijger | K78: Utrecht Willem de Zwijger - BB met kluit (incl. €10 borg) - 125-150 cm | L78: h.w.eigeman@gmail.com | M78: MET-125-150
A79: #BB-25-6975 | B79: Romy | C79: Philipse - de Vries | D79: EDE-KANTINE-GEBOUW-ENKA-BOOM-ZONDER-175-200 | E79: 1 | G79: saturday | H79: 45997 | I79: 10\:15 AM | J79: EDE - Kantine gebouw Enka | K79: Ede De Kantine Enka - BB zonder kluit - 175-200 cm | L79: rm.philipse@gmail.com | M79: ZONDER-175-200
A80: #BB-25-6977 | B80: Michelle | C80: Brabers | D80: BREDA-KINDERBOERDERIJ-WOLFSLAAR-BOOM-ZONDER-200-250 | E80: 1 | G80: sunday | H80: 45998 | I80: 11\:00 AM | J80: BREDA - Kinderboerderij Wolfslaar | K80: Breda Wolfslaar - BB zonder kluit - 200-250 cm | L80: michellebrabers@gmail.com | M80: ZONDER-200-250
A81: #BB-25-6978 | B81: Anne | C81: Bonsing | D81: AMSTERDAM-VONDELTUIN-BOOM-ZONDER-150-175 | E81: 1 | G81: saturday | H81: 45997 | I81: 10\:00 AM | J81: AMSTERDAM - Vondeltuin | K81: Amsterdam Vondeltuin - BB zonder kluit - 150-175 cm | L81: aembonsing@gmail.com | M81: ZONDER-150-175
A82: #BB-25-6979 | B82: Stefan | C82: Levels | D82: AMSTERDAM-KOPVANOOST-BOOM-MET-BORG-150-175 | E82: 1 | G82: sunday | H82: 45998 | I82: 10\:00 AM | J82: AMSTERDAM - Kop van Oost | K82: Amsterdam Kop van Oost - BB met kluit (incl. €10 borg) - 150-175 cm | L82: stefanlevels@hotmail.com | M82: MET-150-175
A83: #BB-25-6980 | B83: Ellen | C83: Lam | D83: GOUDA-STADSKANT-BOOM-MET-BORG-175-200 | E83: 1 | G83: saturday | H83: 45997 | I83: 10\:15 AM | J83: GOUDA - Stadskant | K83: Gouda Stadskant - BB met kluit (incl. €10 borg) - 175-200 cm | L83: e.lam62@gmail.com | M83: MET-175-200
A84: #BB-25-6981 | B84: Rebecca | C84: Kanselaar | D84: UTRECHT-STECK-BOOM-MET-BORG-175-200 | E84: 1 | G84: saturday | H84: 45997 | J84: UTRECHT - Steck | K84: Utrecht Steck - BB met kluit (incl. €10 borg) - 175-200 cm | L84: rebeccakanselaar@hotmail.com | M84: MET-175-200
A85: #BB-25-6982 | B85: Jamie | C85: Aijpassa | D85: DEN-HAAG-PLUK-BOOM-MET-BORG-100-125 | E85: 1 | G85: saturday | H85: 45997 | I85: 12\:00 PM | J85: DEN HAAG - Pluk! | K85: Den Haag Pluk - BB met kluit (incl. €10 borg) - 100-125 cm | L85: jamieaijpassa@hotmail.com | M85: MET-100-125
A86: #BB-25-6952 | B86: Renée | C86: Janssens | D86: AMSTERDAM- KOPVANOOST-BOOM-ZONDER-175-200 | E86: 1 | G86: sunday | H86: 45998 | I86: 1\:00 PM | J86: AMSTERDAM - Kop van Oost | K86: Amsterdam Kop van Oost - BB zonder kluit - 175-200 cm | L86: reneejanssens@gmail.com | M86: ZONDER-175-200
A87: #BB-25-6953 | B87: Anna | C87: Russell | D87: HAARLEM-HOUTBAAR-BOOM-MET-BORG-100-125 | E87: 1 | G87: wednesday | H87: 45994 | I87: 7\:10 PM | J87: HAARLEM - Houtbaar | K87: Haarlem Houtbaar - BB met kluit (incl. €10 borg) - 100-125 | L87: annarussell99@hotmail.co.uk | M87: MET-100-125
A88: #BB-25-6972 | B88: Laura | C88: Zwaan | D88: AMSTERDAM- KOPVANOOST-BOOM-ZONDER-150-175 | E88: 1 | G88: sunday | H88: 45998 | I88: 11\:00 AM | J88: AMSTERDAM - Kop van Oost | K88: Amsterdam Kop van Oost - BB zonder kluit - 150-175 cm | L88: lauralisazwaan@gmail.com | M88: ZONDER-150-175
A89: #BB-25-6987 | B89: Latisha | C89: Meijer | D89: UTRECHT-STECK-BOOM-MET-BORG-175-200 | E89: 1 | G89: saturday | H89: 45998 | J89: UTRECHT - Steck | K89: Utrecht Steck - BB met kluit (incl. €10 borg) - 175-200 cm | L89: latishameijer@gmail.com | M89: MET-175-200
A90: #BB-25-6988 | B90: A.M. | C90: Vis | D90: UTRECHT-STECK-BOOM-MET-BORG-125-150 | E90: 1 | G90: friday | H90: 45996 | J90: UTRECHT - Steck | K90: Utrecht Steck - BB met kluit (incl. €10 borg) - 125-150 cm | L90: attyvis@gmail.com | M90: MET-125-150
A91: #BB-25-6989 | B91: Ariadne | C91: Berk | D91: UTRECHT-STECK-BOOM-ZONDER-150-175 | E91: 1 | G91: sunday | H91: 45998 | J91: UTRECHT - Steck | K91: Utrecht Steck - BB zonder kluit - 150-175 cm | L91: Bosma.berk@gmail.com | M91: ZONDER-150-175
A92: #BB-25-6990 | B92: Otto | C92: Coster | D92: UTRECHT-STECK-BOOM-MET-BORG-150-175 | E92: 1 | G92: saturday | H92: 45997 | J92: UTRECHT - Steck | K92: Utrecht Steck - BB met kluit (incl. €10 borg) - 150-175 cm | L92: otto@ottocoster.com | M92: MET-150-175
A93: #BB-25-6991 | B93: Judith | C93: Burm | D93: LEIDEN-PLNT-BOOM-MET-BORG-175-200 | E93: 1 | G93: sunday | H93: 45991 | I93: 12\:00 PM | J93: LEIDEN - The Fields | K93: Leiden the field - BB met kluit (incl. €10 borg) - 175-200 cm | L93: judithburm@gmail.com | M93: MET-175-200
A94: #BB-25-6984 | B94: Hannah | C94: Boeijkens | D94: DEN-BOSCH-BWWB-BOOM-MET-BORG-100-125 | E94: 1 | G94: sunday | H94: 45998 | I94: 3\:40 PM | J94: DEN BOSCH - Bewust Wonen & Werken Boschveld | K94: Den Bosch Bewust Wonen & Werken Boschveld - BB met kluit (incl. €10 borg) - 100-125 cm | L94: soevia15@gmail.com | M94: MET-100-125
A95: #BB-25-6985 | B95: Ruud | C95: Vink | D95: GOUDA-STADSKANT-BOOM-ZONDER-175-200 | E95: 1 | G95: saturday | H95: 45997 | I95: 10\:45 AM | J95: GOUDA - Stadskant | K95: Gouda Stadskant - BB zonder kluit - 175-200 cm | L95: ruud986@gmail.com | M95: ZONDER-175-200
A96: #BB-25-6986 | B96: Joost | C96: van Zwieten | D96: DELFT-BUYTEN-BOOM-MET-BORG-150-175 | E96: 1 | G96: saturday | H96: 45997 | I96: 2\:15 PM | J96: DELFT - buytendelft | K96: Delft Buyten - BB met kluit (incl. €10 borg) - 150-175 cm | L96: joost@diskos.nl | M96: MET-150-175
A97: #BB-25-6992 | B97: Iris | C97: Thewessen | D97: DELFT-BUYTEN-BOOM-MET-BORG-100-125 | E97: 1 | G97: wednesday | H97: 46001 | I97: 1\:15 PM | J97: DELFT - buytendelft | K97: Delft Buyten - BB met kluit (incl. €10 borg) - 100-125 cm | L97: hijn103@gmail.com | M97: MET-100-125
A98: #BB-25-6993 | B98: Guus | C98: van Kammen | D98: AMSTERDAM-VONDELTUIN-BOOM-MET-175-200 | E98: 1 | G98: saturday | H98: 45997 | I98: 10\:00 AM | J98: AMSTERDAM - Vondeltuin | K98: Amsterdam Vondeltuin - BB met kluit (incl. €10 borg) - 175-200 cm | L98: sjoerdjevanheerden@hotmail.com | M98: MET-175-200
A99: #BB-25-6997 | B99: Emma | C99: de Fouw | D99: AMSTERDAM-VONDELTUIN-BOOM-MET-175-200 | E99: 1 | G99: saturday | H99: 45997 | I99: 10\:30 AM | J99: AMSTERDAM - Vondeltuin | K99: Amsterdam Vondeltuin - BB met kluit (incl. €10 borg) - 175-200 cm | L99: emmadefouw@outlook.com | M99: MET-175-200
A100: #BB-25-6998 | B100: naomi | C100: heerings | D100: EINDHOVEN-WASVEN-BOOM-MET-BORG-175-200 | E100: 1 | G100: saturday | H100: 46004 | I100: 10\:15 AM | J100: EINDHOVEN - Wasven | K100: Eindhoven Wasven - BB met kluit (incl. €10 borg) - 175-200 cm | L100: Naomi_heerings@hotmail.com | M100: MET-175-200
...

Sheet GOUDA - Namelijst
A1: Name | B1: Billing: First Name | C1: Billing: Last Name | D1: Line: SKU | E1: Line: Quantity | F1: Pickup-Day | G1: Pickup-Date | H1: Pickup-Time | I1: Boomtype
A2: #BB-25-7024 | B2: Audrey | C2: Ledanois | D2: GOUDA-STADSKANT-BOOM-MET-BORG-100-125 | E2: 1 | F2: saturday | G2: 45990 | H2: 3\:45 PM | I2: MET-100-125
A3: #BB-25-7005 | B3: Sarah | C3: Evers | D3: GOUDA-STADSKANT-BOOM-MET-BORG-100-125 | E3: 1 | F3: saturday | G3: 45990 | H3: 12\:45 PM | I3: MET-100-125
A4: #BB-25-7808 | B4: Jan Maarten | C4: Gaasbeek | D4: GOUDA-STADSKANT-BOOM-MET-BORG-125-150 | E4: 1 | F4: saturday | G4: 45990 | H4: 2\:15 PM | I4: MET-125-150
A5: #BB-25-7785 | B5: Monique | C5: Pluim | D5: GOUDA-STADSKANT-BOOM-ZONDER-175-200 | E5: 1 | F5: saturday | G5: 45990 | H5: 2\:45 PM | I5: ZONDER-175-200
A6: #BB-25-7934 | B6: Mirjam | C6: de Geus | D6: GOUDA-STADSKANT-BOOM-MET-BORG-125-150 | E6: 1 | F6: saturday | G6: 45990 | H6: 11\:15 AM | I6: MET-125-150
A7: #BB-25-8139 | B7: Yvo | C7: Steenbergen | D7: GOUDA-STADSKANT-BOOM-MET-BORG-175-200 | E7: 1 | F7: saturday | G7: 45990 | H7: 10\:15 AM | I7: MET-175-200
A8: #BB-25-8226 | B8: Evelien | C8: Smits | D8: GOUDA-STADSKANT-BOOM-ZONDER-175-200 | E8: 1 | F8: saturday | G8: 45990 | H8: 12\:45 PM | I8: ZONDER-175-200
A9: #BB-25-8270 | B9: Janneke | C9: Veldhuis | D9: GOUDA-STADSKANT-BOOM-MET-BORG-150-175 | E9: 1 | F9: saturday | G9: 45990 | H9: 12\:15 PM | I9: MET-150-175
A10: #BB-25-8408 | B10: Noor | C10: Heerkens | D10: GOUDA-STADSKANT-BOOM-MET-BORG-125-150 | E10: 1 | F10: saturday | G10: 45990 | H10: 2\:45 PM | I10: MET-125-150
A11: #BB-25-8466 | B11: Maja | C11: van der Voet | D11: GOUDA-STADSKANT-BOOM-MET-BORG-150-175 | E11: 1 | F11: saturday | G11: 45990 | H11: 1\:15 PM | I11: MET-150-175
A12: #BB-25-8622 | B12: Linda | C12: van der Schaaf | D12: GOUDA-STADSKANT-BOOM-MET-BORG-125-150 | E12: 1 | F12: saturday | G12: 45990 | H12: 10\:45 AM | I12: MET-125-150
A13: #BB-25-8717 | B13: Liana | C13: Barenbrug | D13: GOUDA-STADSKANT-BOOM-MET-BORG-125-150 | E13: 1 | F13: saturday | G13: 45990 | H13: 10\:15 AM | I13: MET-125-150
... A25: #BB-25-8639 | B25: Dorotheé | C25: Beens - Nieuwveld | D25: GOUDA-STADSKANT-BOOM-MET-BORG-125-150 | E25: 1 | F25: sunday | G25: 45991 | H25: 12\:15 PM | I25: MET-125-150

Sheet Molen de otter | Namelijst
A1: Billing: First Name | B1: Billing: Last Name | C1: Line: SKU | D1: Line: Quantity | E1: Pickup-Day | F1: Pickup-Date | G1: Pickup-Time | H1: Pickup-Location-Company
A2: Nicola | B2: Arencibia Roca | C2: AMSTERDAM-MOLEN-DE-OTTER-BOOM-ZONDER-175-200 | D2: 1 | E2: sunday | F2: 45991 | G2: 11\:30 AM | H2: AMSTERDAM - Molen De Otter
A3: Rosa | B3: Asbreuk | C3: AMSTERDAM-MOLEN-DE-OTTER-BOOM-ZONDER-150-175 | D3: 1 | E3: sunday | F3: 45991 | G3: 3\:30 PM | H3: AMSTERDAM - Molen De Otter
A4: Ioana | B4: Biris | C4: AMSTERDAM-MOLEN-DE-OTTER-BOOM-ZONDER-250-300 | D4: 1 | E4: sunday | F4: 45991 | G4: 11\:00 AM | H4: AMSTERDAM - Molen De Otter
A5: Dana | B5: Blekkenhorst | C5: AMSTERDAM-HOUSE-OF-WATT-BOOM-MET-BORG-125-150 | D5: 1 | E5: sunday | F5: 45991 | G5: 12\:30 PM | H5: AMSTERDAM - Molen De Otter
A6: Laura | B6: Bolczek | C6: AMSTERDAM-MOLEN-DE-OTTER-BOOM-ZONDER-150-175 | D6: 1 | E6: sunday | F6: 45991 | G6: 12\:00 PM | H6: AMSTERDAM - Molen De Otter
A7: Corinne | B7: Bolink | C7: AMSTERDAM-HOUSE-OF-WATT-BOOM-MET-BORG-125-150 | D7: 1 | E7: sunday | F7: 45991 | G7: 11\:00 AM | H7: AMSTERDAM - Molen De Otter
A8: Marten | B8: Bolt | C8: AMSTERDAM-HOUSE-OF-WATT-BOOM-MET-BORG-125-150 | D8: 1 | E8: sunday | F8: 45991 | G8: 10\:00 AM | H8: AMSTERDAM - Molen De Otter
A9: Marieke | B9: Brentjens | C9: AMSTERDAM-HOUSE-OF-WATT-BOOM-MET-BORG-175-200 | D9: 1 | E9: sunday | F9: 45991 | G9: 11\:00 AM | H9: AMSTERDAM - Molen De Otter
A10: Bente | B10: Broers | C10: AMSTERDAM-MOLEN-DE-OTTER-BOOM-ZONDER-175-200 | D10: 1 | E10: sunday | F10: 45991 | G10: 10\:00 AM | H10: AMSTERDAM - Molen De Otter
A11: Alex | B11: Covizzi | C11: AMSTERDAM-HOUSE-OF-WATT-BOOM-MET-BORG-100-125 | D11: 1 | E11: sunday | F11: 45991 | G11: 1\:30 PM | H11: AMSTERDAM - Molen De Otter
A12: Kenza | B12: Cruden | C12: AMSTERDAM-MOLEN-DE-OTTER-BOOM-ZONDER-175-200 | D12: 1 | E12: sunday | F12: 45991 | G12: 1\:30 PM | H12: AMSTERDAM - Molen De Otter
A13: Roswitha | B13: de Joode | C13: AMSTERDAM-HOUSE-OF-WATT-BOOM-MET-BORG-100-125 | D13: 1 | E13: sunday | F13: 45991 | G13: 10\:00 AM | H13: AMSTERDAM - Molen De Otter
... A68: Marieke | B68: Zwagerman | C68: AMSTERDAM-MOLEN-DE-OTTER-BOOM-ZONDER-150-175 | D68: 1 | E68: sunday | F68: 45991 | G68: 11\:30 AM | H68: AMSTERDAM - Molen De Otter

Sheet BB | Input D&K
A1: Line: SKU | B1: Additional Details | C1: Pickup-Day | D1: Pickup-Date | E1: Pickup-Time | F1: Pickup-Location-Company | G1: Line: Quantity | H1: Line: Product Handle | I1: Line: Name | J1: Line: Variant SKU | K1: Tags | L1: Line: Product Type | M1: Line: Title | N1: Line: Fulfillment Status | O1: Line: Type | P1: Line: ID | Q1: Order Fulfillment Status | R1: Note | S1: Customer: First Name | T1: Customer: Last Name | U1: Boomtype
A2: ANTWERPEN-DILLE-KAMILLE-BOOM-MET-BORG-125-150 CM | B2: Pickup-Location-Id: 278025 Pickup-Day: tuesday Pickup-Date: 2025/12/09 Pickup-Time: 5\:30 PM Pickup-Location-Company: ANTWERPEN - Dille & Kamille Pickup-Location-Address-Line-1: Vleminckstraat 9 Pickup-Location-City: Antwerpen Pickup-Location-Postal-Code: 2000 Pickup-Location-Country: Belgium Checkout-Method: pickup | C2: tuesday | D2: 46000 | E2: 5\:30 PM | F2: ANTWERPEN - Dille & Kamille | G2: 1 | H2: ant-dille-kamille-boom-met-borg | I2: Antwerpen Dille & Kamille - BB met kluit (incl. €10 borg) - 125-150 cm | J2: ANTWERPEN-DILLE-KAMILLE-BOOM-MET-BORG-125-150 CM | K2: 09-12-2025, 17:30, ANTWERPEN-DENK, Pickup Order, Tuesday, WAKE-UP | M2: Antwerpen Dille & Kamille - BB met kluit (incl. €10 borg) | O2: Line Item | P2: 32666384138563 | S2: Saskia | T2: Steenmeijer | U2: MET-125-150
A3: ROTTERDAM-DILLE-KAMILLE-BOOM-MET-BORG-125-150 CM | B3: Pickup-Location-Id: 278029 Pickup-Day: monday Pickup-Date: 2025/12/08 Pickup-Time: 2\:00 PM Pickup-Location-Company: ROTTERDAM - Dille & Kamille Pickup-Location-Address-Line-1: Korte Hoogstraat 22 Pickup-Location-City: Rotterdam Pickup-Location-Postal-Code: 3011 GL Pickup-Location-Country: Netherlands Checkout-Method: pickup | C3: monday | D3: 45999 | E3: 2\:00 PM | F3: ROTTERDAM - Dille & Kamille | G3: 1 | H3: rtd-dille-kamille-boom-met-borg | I3: Rotterdam Dille & Kamille - BB met kluit (incl. €10 borg) - 125-150 cm | J3: ROTTERDAM-DILLE-KAMILLE-BOOM-MET-BORG-125-150 CM | K3: 08-12-2025, 14:00, Monday, Pickup Order, ROTTERDAM-DENK, WAKE-UP | M3: Rotterdam Dille & Kamille - BB met kluit (incl. €10 borg) | O3: Line Item | P3: 32670782947651 | S3: Leonoor | T3: den Ottolander | U3: MET-125-150
A4: ANTWERPEN-DILLE-KAMILLE-BOOM-MET-BORG-125-150 CM | B4: Pickup-Location-Id: 278025 Pickup-Day: tuesday Pickup-Date: 2025/12/09 Pickup-Time: 12\:00 PM Pickup-Location-Company: ANTWERPEN - Dille & Kamille Pickup-Location-Address-Line-1: Vleminckstraat 9 Pickup-Location-City: Antwerpen Pickup-Location-Postal-Code: 2000 Pickup-Location-Country: Belgium Checkout-Method: pickup | C4: tuesday | D4: 46000 | E4: 12\:00 PM | F4: ANTWERPEN - Dille & Kamille | G4: 1 | H4: ant-dille-kamille-boom-met-borg | I4: Antwerpen Dille & Kamille - BB met kluit (incl. €10 borg) - 125-150 cm | J4: ANTWERPEN-DILLE-KAMILLE-BOOM-MET-BORG-125-150 CM | K4: 09-12-2025, 12:00, ANTWERPEN-DENK, Pickup Order, Tuesday, WAKE-UP | M4: Antwerpen Dille & Kamille - BB met kluit (incl. €10 borg) | O4: Line Item | P4: 32694400975171 | S4: Dorien | T4: De Vroey | U4: MET-125-150
A5: AMSTERDAM-DILLE-KAMILLE-BOOM-MET-BORG-125-150 CM | B5: Pickup-Location-Id: 278032 Pickup-Day: monday Pickup-Date: 2025/12/01 Pickup-Time: 5\:00 PM Pickup-Location-Company: AMSTERDAM BILDERDIJK - Dille & Kamille Pickup-Location-Address-Line-1: Bilderdijkstraat 187 - 189 Pickup-Location-City: Amsterdam Pickup-Location-Postal-Code: 1053 KR Pickup-Location-Country: Netherlands Checkout-Method: pickup | C5: monday | D5: 45992 | E5: 5\:00 PM | F5: AMSTERDAM BILDERDIJK - Dille & Kamille | G5: 1 | H5: amd-dille-kamille-boom-met-borg | I5: Amsterdam Dille & Kamille - BB met kluit (incl. €10 borg) - 125-150 cm | J5: AMSTERDAM-DILLE-KAMILLE-BOOM-MET-BORG-125-150 CM | K5: 01-12-2025, 17:00, AMSTERDAM, DENK, Monday, Pickup Order, WAKE-UP | M5: Amsterdam Dille & Kamille - BB met kluit (incl. €10 borg) | O5: Line Item | P5: 32692666499395 | S5: Myrte E. | T5: Van Westenbrugge | U5: MET-125-150
A6: ROTTERDAM-DILLE-KAMILLE-BOOM-MET-BORG-125-150 CM | B6: Pickup-Location-Id: 278029 Pickup-Day: wednesday Pickup-Date: 2025/12/10 Pickup-Time: 3\:00 PM Pickup-Location-Company: ROTTERDAM - Dille & Kamille Pickup-Location-Address-Line-1: Korte Hoogstraat 22 Pickup-Location-City: Rotterdam Pickup-Location-Postal-Code: 3011 GL Pickup-Location-Country: Netherlands Checkout-Method: pickup | C6: wednesday | D6: 46001 | E6: 3\:00 PM | F6: ROTTERDAM - Dille & Kamille | G6: 1 | H6: rtd-dille-kamille-boom-met-borg | I6: Rotterdam Dille & Kamille - BB met kluit (incl. €10 borg) - 125-150 cm | J6: ROTTERDAM-DILLE-KAMILLE-BOOM-MET-BORG-125-150 CM | K6: 10-12-2025, 15:00, Pickup Order, ROTTERDAM-DENK, WAKE-UP, Wednesday | M6: Rotterdam Dille & Kamille - BB met kluit (incl. €10 borg) | O6: Line Item | P6: 32684580962627 | S6: Marc | T6: Abbink | U6: MET-125-150
A7: ROTTERDAM-DILLE-KAMILLE-BOOM-MET-BORG-100-125 CM | B7: Pickup-Location-Id: 278029 Pickup-Day: wednesday Pickup-Date: 2025/12/03 Pickup-Time: 3\:00 PM Pickup-Location-Company: ROTTERDAM - Dille & Kamille Pickup-Location-Address-Line-1: Korte Hoogstraat 22 Pickup-Location-City: Rotterdam Pickup-Location-Postal-Code: 3011 GL Pickup-Location-Country: Netherlands Checkout-Method: pickup | C7: wednesday | D7: 45994 | E7: 3\:00 PM | F7: ROTTERDAM - Dille & Kamille | G7: 1 | H7: rtd-dille-kamille-boom-met-borg | I7: Rotterdam Dille & Kamille - BB met kluit (incl. €10 borg) - 100-125 cm | J7: ROTTERDAM-DILLE-KAMILLE-BOOM-MET-BORG-100-125 CM | K7: 03-12-2025, 15:00, Pickup Order, ROTTERDAM-DENK, WAKE-UP, Wednesday | M7: Rotterdam Dille & Kamille - BB met kluit (incl. €10 borg) | O7: Line Item | P7: 32684220219715 | S7: Kaila | T7: Vreeken | U7: MET-100-125
A8: ARNHEM-DILLE-KAMILLE-BOOM-MET-BORG-100-125 CM | B8: Pickup-Location-Id: 278036 Pickup-Day: tuesday Pickup-Date: 2025/12/02 Pickup-Time: 5\:30 PM Pickup-Location-Company: ARNHEM - Dille & Kamille Pickup-Location-Address-Line-1: Bakkerstraat 60 Pickup-Location-City: Arnhem Pickup-Location-Postal-Code: 6811 EJ Pickup-Location-Country: Netherlands Checkout-Method: pickup | C8: tuesday | D8: 45993 | E8: 5\:30 PM | F8: ARNHEM - Dille & Kamille | G8: 1 | H8: arh-dille-kamille-boom-met-borg | I8: Arnhem Dille & Kamille - BB met kluit (incl. €10 borg) - 100-125 cm | J8: ARNHEM-DILLE-KAMILLE-BOOM-MET-BORG-100-125 CM | K8: 02-12-2025, 17:30, ARNHEM-DENK, Pickup Order, Tuesday, WAKE-UP | M8: Arnhem Dille & Kamille - BB met kluit (incl. €10 borg) | O8: Line Item | P8: 32694631661891 | S8: Erwin | T8: Steijnen | U8: MET-100-125
A9: AMSTERDAM-DILLE-KAMILLE-BOOM-MET-BORG-100-125 CM | B9: Pickup-Location-Id: 278032 Pickup-Day: monday Pickup-Date: 2025/12/01 Pickup-Time: 2\:00 PM Pickup-Location-Company: AMSTERDAM BILDERDIJK - Dille & Kamille Pickup-Location-Address-Line-1: Bilderdijkstraat 187 - 189 Pickup-Location-City: Amsterdam Pickup-Location-Postal-Code: 1053 KR Pickup-Location-Country: Netherlands Checkout-Method: pickup | C9: monday | D9: 45992 | E9: 2\:00 PM | F9: AMSTERDAM BILDERDIJK - Dille & Kamille | G9: 1 | H9: amd-dille-kamille-boom-met-borg | I9: Amsterdam Dille & Kamille - BB met kluit (incl. €10 borg) - 100-125 cm | J9: AMSTERDAM-DILLE-KAMILLE-BOOM-MET-BORG-100-125 CM | K9: 01-12-2025, 14:00, AMSTERDAM, DENK, Monday, Pickup Order, WAKE-UP | M9: Amsterdam Dille & Kamille - BB met kluit (incl. €10 borg) | O9: Line Item | P9: 32694838460739 | S9: brigit | T9: hillenius | U9: MET-100-125
A10: ROTTERDAM-DILLE-KAMILLE-BOOM-MET-BORG-125-150 CM | B10: Pickup-Location-Id: 278029 Pickup-Day: monday Pickup-Date: 2025/12/08 Pickup-Time: 4\:30 PM Pickup-Location-Company: ROTTERDAM - Dille & Kamille Pickup-Location-Address-Line-1: Korte Hoogstraat 22 Pickup-Location-City: Rotterdam Pickup-Location-Postal-Code: 3011 GL Pickup-Location-Country: Netherlands Checkout-Method: pickup | C10: monday | D10: 45999 | E10: 4\:30 PM | F10: ROTTERDAM - Dille & Kamille | G10: 1 | H10: rtd-dille-kamille-boom-met-borg | I10: Rotterdam Dille & Kamille - BB met kluit (incl. €10 borg) - 125-150 cm | J10: ROTTERDAM-DILLE-KAMILLE-BOOM-MET-BORG-125-150 CM | K10: 08-12-2025, 16:30, Monday, Pickup Order, ROTTERDAM-DENK, WAKE-UP | M10: Rotterdam Dille & Kamille - BB met kluit (incl. €10 borg) | O10: Line Item | P10: 32696706793795 | S10: René | T10: Van Lier | U10: MET-125-150
A11: DEN-HAAG-DILLE-KAMILLE-BOOM-MET-BORG-100-125 CM | B11: Pickup-Location-Id: 278035 Pickup-Day: monday Pickup-Date: 2025/12/01 Pickup-Time: 12\:00 PM Pickup-Location-Company: DEN HAAG - Dille & Kamille Pickup-Location-Address-Line-1: Noordeinde 44 Pickup-Location-City: Den Haag Pickup-Location-Postal-Code: 2514 GJ Pickup-Location-Country: Netherlands Checkout-Method: pickup | C11: monday | D11: 45992 | E11: 12\:00 PM | F11: DEN HAAG - Dille & Kamille | G11: 1 | H11: dh-dille-kamille-boom-met-borg | I11: Den Haag Dille & Kamille - BB met kluit (incl. €10 borg) - 100-125 cm | J11: DEN-HAAG-DILLE-KAMILLE-BOOM-MET-BORG-100-125 CM | K11: 01-12-2025, 12:00, DENHAAG-DENK, Monday, Pickup Order, WAKE-UP | M11: Den Haag Dille & Kamille - BB met kluit (incl. €10 borg) | O11: Line Item | P11: 32696827773251 | S11: Jitse | T11: de Vriend | U11: MET-100-125
A12: DEN-HAAG-DILLE-KAMILLE-BOOM-MET-BORG-125-150 CM | B12: Pickup-Location-Id: 278035 Pickup-Day: monday Pickup-Date: 2025/12/08 Pickup-Time: 5\:00 PM Pickup-Location-Company: DEN HAAG - Dille & Kamille Pickup-Location-Address-Line-1: Noordeinde 44 Pickup-Location-City: Den Haag Pickup-Location-Postal-Code: 2514 GJ Pickup-Location-Country: Netherlands Checkout-Method: pickup | C12: monday | D12: 45999 | E12: 5\:00 PM | F12: DEN HAAG - Dille & Kamille | G12: 1 | H12: dh-dille-kamille-boom-met-borg | I12: Den Haag Dille & Kamille - BB met kluit (incl. €10 borg) - 125-150 cm | J12: DEN-HAAG-DILLE-KAMILLE-BOOM-MET-BORG-125-150 CM | K12: 08-12-2025, 17:00, DENHAAG-DENK, Monday, Pickup Order, WAKE-UP | M12: Den Haag Dille & Kamille - BB met kluit (incl. €10 borg) | O12: Line Item | P12: 32694761980227 | S12: Fam | T12: Tilanus | U12: MET-125-150
A13: AMSTERDAM-DILLE-KAMILLE-BOOM-MET-BORG-125-150 CM | B13: Pickup-Location-Id: 278032 Pickup-Day: monday Pickup-Date: 2025/12/08 Pickup-Time: 4\:00 PM Pickup-Location-Company: AMSTERDAM BILDERDIJK - Dille & Kamille Pickup-Location-Address-Line-1: Bilderdijkstraat 187 - 189 Pickup-Location-City: Amsterdam Pickup-Location-Postal-Code: 1053 KR Pickup-Location-Country: Netherlands Checkout-Method: pickup | C13: monday | D13: 45999 | E13: 4\:00 PM | F13: AMSTERDAM BILDERDIJK - Dille & Kamille | G13: 1 | H13: amd-dille-kamille-boom-met-borg | I13: Amsterdam Dille & Kamille - BB met kluit (incl. €10 borg) - 125-150 cm | J13: AMSTERDAM-DILLE-KAMILLE-BOOM-MET-BORG-125-150 CM | K13: 08-12-2025, 16:00, AMSTERDAM, DENK, Monday, Pickup Order, WAKE-UP | M13: Amsterdam Dille & Kamille - BB met kluit (incl. €10 borg) | O13: Line Item | P13: 32699820998979 | S13: Machiel | T13: Spruijt | U13: MET-125-150
... A107: AMSTERDAM-DILLE-KAMILLE-BOOM-MET-BORG-125-150 CM | B107: Pickup-Location-Id: 278032 Pickup-Day: monday Pickup-Date: 2025/12/08 Pickup-Time: 5\:00 PM Pickup-Location-Company: AMSTERDAM BILDERDIJK - Dille & Kamille Pickup-Location-Address-Line-1: Bilderdijkstraat 187 - 189 Pickup-Location-City: Amsterdam Pickup-Location-Postal-Code: 1053 KR Pickup-Location-Country: Netherlands Checkout-Method: pickup | C107: monday | D107: 45999 | E107: 5\:00 PM | F107: AMSTERDAM BILDERDIJK - Dille & Kamille | G107: 1 | H107: amd-dille-kamille-boom-met-borg | I107: Amsterdam Dille & Kamille - BB met kluit (incl. €10 borg) - 125-150 cm | J107: AMSTERDAM-DILLE-KAMILLE-BOOM-MET-BORG-125-150 CM | K107: 08-12-2025, 17:00, AMSTERDAM, DENK, Monday, Pickup Order | M107: Amsterdam Dille & Kamille - BB met kluit (incl. €10 borg) | O107: Line Item | P107: 32821384872259 | S107: Michiel | T107: Mees | U107: MET-125-150

Sheet Totaaloverzicht D&K2025-11-27 0
A1: Categorie | B1: Verkocht | C1: Begin Voorraad | D1: Voorraad Resterend
A2: MET-100-125 | B2: 31 | C2: =IFERROR(VLOOKUP(A2,'BB | DEF voorraad D&K'!A:B,2,FALSE),0) -> 78 | D2: =C2-B2 -> 47
A3: MET-125-150 | B3: 42 | C3: =IFERROR(VLOOKUP(A3,'BB | DEF voorraad D&K'!A:B,2,FALSE),0) -> 85 | D3: =C3-B3 -> 43
A5: Total | B5: 73
A7: Grand Totaal | B7: 73

Sheet BB | D&K Draaitable
A1: Pickup-Location-Company | B1: Line: Variant SKU | C1: Pickup-Date
A2: Pickup-Location-Company | B2: Pickup-Date | C2: Line: Variant SKU | D2: SUM van Line: Quantity
D3: 0
B4: Totaal van | D4: 0
A5: Totaal van | D5: 0
A6: AMSTERDAM BILDERDIJK - Dille & Kamille | B6: Totaal van 2025/12/01 | D6: 12
B7: Totaal van 2025/12/03 | D7: 10
B8: Totaal van 2025/12/08 | D8: 10
B9: Totaal van 2025/12/10 | D9: 5
A10: Totaal van AMSTERDAM BILDERDIJK - Dille & Kamille | D10: 37
A11: ANTWERPEN - Dille & Kamille | B11: Totaal van 2025/12/02 | D11: 2
B12: Totaal van 2025/12/04 | D12: 3
B13: Totaal van 2025/12/09 | D13: 2
B14: Totaal van 2025/12/11 | D14: 3
A15: Totaal van ANTWERPEN - Dille & Kamille | D15: 10
A16: ARNHEM - Dille & Kamille | B16: Totaal van 2025/12/02 | D16: 7
B17: Totaal van 2025/12/05 | D17: 6
B18: Totaal van 2025/12/09 | D18: 2
B19: Totaal van 2025/12/12 | D19: 2
A20: Totaal van ARNHEM - Dille & Kamille | D20: 17
A21: DEN HAAG - Dille & Kamille | B21: Totaal van 2025/12/01 | D21: 6
B22: Totaal van 2025/12/04 | D22: 6
B23: Totaal van 2025/12/08 | D23: 7
B24: Totaal van 2025/12/10 | D24: 4
A25: Totaal van DEN HAAG - Dille & Kamille | D25: 23
A26: ROTTERDAM - Dille & Kamille | B26: Totaal van 2025/12/01 | D26: 3
B27: Totaal van 2025/12/03 | D27: 6
B28: Totaal van 2025/12/08 | D28: 7
B29: Totaal van 2025/12/10 | D29: 3
A30: Totaal van ROTTERDAM - Dille & Kamille | D30: 19
A31: Eindtotaal | D31: 106

Sheet BB | Input PLANTSOME
A1: Name | B1: Line: SKU | C1: Line: Quantity | D1: Additional Details | E1: Line: Variant SKU | F1: Line: Title | G1: Line: Fulfillment Status | H1: Line: ID | I1: Order Fulfillment Status | J1: Note | K1: Line: Variant ID | L1: Fulfillment: Status | M1: Fulfillment: Tracking URL | N1: Customer: First Name | O1: Customer: Last Name | P1: Shipping: First Name | Q1: Shipping: Last Name | R1: Shipping: Name | S1: Shipping: Company | T1: Shipping: Phone | U1: Shipping: Address 1 | V1: Shipping: Address 2 | W1: Shipping: Zip | X1: Shipping: City | Y1: Shipping: Province | Z1: Shipping: Province Code | AA1: Shipping: Country | AB1: Shipping: Country Code | AC1: Cancelled At | AD1: Line: Product Handle | AE1: Line: Command | AF1: Refund: Restock | AG1: ID | AH1: Line: Type | AI1: Customer: ID | AJ1: Refund: ID | AK1: Fulfillment: ID | AL1: Line: Name | AM1: Customer: ID | AN1: Refund: ID | AO1: Fulfillment: ID | AP1: Line: Name | AQ1: Boomtype | AR1: TP-TICKET | AS1: Terugplant Ticket
A2: #BB-25-6868 | B2: ZNDRKLUIT-140150 | C2: 1 | D2: Shipping-Date: 2025/12/05 | E2: ZNDRKLUIT-140150 | F2: BeterBoompje zonder kluit - verzending | H2: 32587301880131 | J2: Wij willen de boom graag ontvangen op 5, 6 of 7 december | K2: 42085703549171 | N2: Willem | O2: van Toor | P2: Willem | Q2: van Toor | R2: Willem van Toor | T2: +31637238467 | U2: Balijelaan 22 | W2: 3521 GS | X2: Utrecht | AA2: Netherlands | AB2: NL | AD2: echte-duurzame-nordmann-kerstboom | AE2: DEFAULT | AG2: 10387964232003 | AH2: Line Item | AI2: 23314611863875 | AL2: BeterBoompje zonder kluit - verzending - NORDMANN zonder kluit 125-150 cm | AM2: 5972614447347 | AP2: BeterBoompje zonder kluit - verzending - NORDMANN zonder kluit 150-175 cm | AQ2: ZONDER-140-150 | AR2: FALSE | AS2: FALSE
A3: #BB-25-6868 | D3: Shipping-Date: 2025/12/05 | F3: Standard | H3: 9453511475523 | N3: Willem | O3: van Toor | P3: Willem | Q3: van Toor | R3: Willem van Toor | T3: +31637238467 | U3: Balijelaan 22 | W3: 3521 GS | X3: Utrecht | AA3: Netherlands | AB3: NL | AE3: DEFAULT | AG3: 10387964232003 | AH3: Shipping Line | AI3: 23314611863875 | AL3: Standard | AM3: 23414360703299 | AP3: BeterBoompje met Kluit - verzending - Picea Omorika met kluit 150-175 cm / Ja inclusief terugplant ticket (+€7.50) | AR3: FALSE | AS3: FALSE
A4: #BB-25-6866 | B4: ZNDRKLUIT-160170 | C4: 1 | D4: Shipping-Day: friday Shipping-Date: 2025/12/05 Checkout-Method: shipping | E4: ZNDRKLUIT-160170 | F4: BeterBoompje zonder kluit - verzending | H4: 32581474189635 | K4: 42085703581939 | N4: Monica | O4: Lozza | P4: Monica | Q4: Lozza | R4: Monica Lozza | T4: +31681797028 | U4: Donkerstraat, 41 | W4: 2611 TE | X4: DELFT | AA4: Netherlands | AB4: NL | AD4: echte-duurzame-nordmann-kerstboom | AE4: DEFAULT | AG4: 10384941875523 | AH4: Line Item | AI4: 6445235339507 | AL4: BeterBoompje zonder kluit - verzending - NORDMANN zonder kluit 150-175 cm | AM4: 23414360703299 | AP4: een boom met kluit | AQ4: ZONDER-160-170 | AR4: FALSE | AS4: FALSE
A5: #BB-25-6866 | D5: Shipping-Day: friday Shipping-Date: 2025/12/05 Checkout-Method: shipping | F5: Standard | H5: 9451139662147 | N5: Monica | O5: Lozza | P5: Monica | Q5: Lozza | R5: Monica Lozza | T5: +31681797028 | U5: Donkerstraat, 41 | W5: 2611 TE | X5: DELFT | AA5: Netherlands | AB5: NL | AE5: DEFAULT | AG5: 10384941875523 | AH5: Shipping Line | AI5: 6445235339507 | AL5: Standard | AM5: 23414395765059 | AP5: BeterBoompje met Kluit - verzending - Picea Omorika met kluit 100-125 cm / Nee geen terugplant ticket | AR5: FALSE | AS5: FALSE
A6: #BB-25-6867 | B6: KLUIT-125150-VERZENDEN | C6: 1 | D6: Shipping-Date: 2025/12/16 | E6: KLUIT-125150-VERZENDEN | F6: BeterBoompje met Kluit - verzending | H6: 32585167733059 | J6: 46007 | K6: 47338059759939 | N6: Carien | O6: Mol | P6: Carien | Q6: Mol | R6: Carien Mol | T6: +31649657540 | U6: Purpervlinder 2 | W6: 3723 TZ | X6: Bilthoven | AA6: Netherlands | AB6: NL | AD6: beterboompje-met-kluit | AE6: DEFAULT | AG6: 10386855559491 | AH6: Line Item | AI6: 23313300980035 | AL6: BeterBoompje met Kluit - verzending - Picea Omorika met kluit 125-150 cm / Nee geen terugplant ticket | AM6: 23414395765059 | AP6: een boom met kluit | AQ6: MET-125-150 | AR6: FALSE | AS6: FALSE
A7: #BB-25-6867 | D7: Shipping-Date: 2025/12/16 | F7: een boom met kluit | H7: 9452570116419 | N7: Carien | O7: Mol | P7: Carien | Q7: Mol | R7: Carien Mol | T7: +31649657540 | U7: Purpervlinder 2 | W7: 3723 TZ | X7: Bilthoven | AA7: Netherlands | AB7: NL | AE7: DEFAULT | AG7: 10386855559491 | AH7: Shipping Line | AI7: 23313300980035 | AL7: een boom met kluit | AM7: 23414031843651 | AP7: BeterBoompje zonder kluit - verzending - NORDMANN zonder kluit 150-175 cm | AR7: FALSE | AS7: FALSE
A8: #BB-25-6869 | B8: ZNDRKLUIT-160170 | C8: 1 | D8: Checkout-Method: shipping Shipping-Date: 2025/12/09 Shipping-Day: tuesday | E8: ZNDRKLUIT-160170 | F8: BeterBoompje zonder kluit - verzending | H8: 32587795104067 | J8: Onbekende bezorgdatum, wachten. | K8: 42085703581939 | N8: Rekia | O8: Moumen | P8: Rekia | Q8: Moumen | R8: Rekia Moumen | T8: +31640292696 | U8: zadelmaker 108 | W8: 2401 PJ | X8: Alphen aan den Rijn | AA8: Netherlands | AB8: NL | AD8: echte-duurzame-nordmann-kerstboom | AE8: DEFAULT | AG8: 10388218413379 | AH8: Line Item | AI8: 6436192190707 | AL8: BeterBoompje zonder kluit - verzending - NORDMANN zonder kluit 150-175 cm | AM8: 23413307146563 | AP8: BeterBoompje met Kluit - verzending - Picea Omorika met kluit 125-150 cm / Ja inclusief terugplant ticket (+€7.50) | AQ8: ZONDER-160-170 | AR8: FALSE | AS8: FALSE
A9: #BB-25-6869 | D9: Checkout-Method: shipping Shipping-Date: 2025/12/09 Shipping-Day: tuesday | F9: Standard | H9: 9453711589699 | N9: Rekia | O9: Moumen | P9: Rekia | Q9: Moumen | R9: Rekia Moumen | T9: +31640292696 | U9: zadelmaker 108 | W9: 2401 PJ | X9: Alphen aan den Rijn | AA9: Netherlands | AB9: NL | AE9: DEFAULT | AG9: 10388218413379 | AH9: Shipping Line | AI9: 6436192190707 | AL9: Standard | AM9: 23413307146563 | AP9: een boom met kluit | AR9: FALSE | AS9: FALSE
A10: #BB-25-6871 | B10: ZNDRKLUIT-160170 | C10: 1 | D10: Shipping-Day: thursday Shipping-Date: 2025/11/27 Checkout-Method: shipping | E10: ZNDRKLUIT-160170 | F10: BeterBoompje zonder kluit - verzending | G10: fulfilled | H10: 32601231622467 | I10: fulfilled | K10: 42085703581939 | N10: Iris | O10: Deppe | P10: Iris | Q10: Deppe | R10: Iris Deppe | T10: +31621940183 | U10: Korenbloem 44 | W10: 4102 HT | X10: Culemborg | AA10: Netherlands | AB10: NL | AD10: echte-duurzame-nordmann-kerstboom | AE10: DEFAULT | AG10: 10394851770691 | AH10: Line Item | AI10: 23328908902723 | AL10: BeterBoompje zonder kluit - verzending - NORDMANN zonder kluit 150-175 cm | AM10: 7447029514563 | AP10: Standard | AQ10: ZONDER-160-170 | AR10: FALSE | AS10: FALSE
A11: #BB-25-6871 | D11: Shipping-Day: thursday Shipping-Date: 2025/11/27 Checkout-Method: shipping | F11: Standard | H11: 9459198067011 | I11: fulfilled | N11: Iris | O11: Deppe | P11: Iris | Q11: Deppe | R11: Iris Deppe | T11: +31621940183 | U11: Korenbloem 44 | W11: 4102 HT | X11: Culemborg | AA11: Netherlands | AB11: NL | AE11: DEFAULT | AG11: 10394851770691 | AH11: Shipping Line | AI11: 23328908902723 | AL11: Standard | AM11: 23412816380227 | AP11: BeterBoompje zonder kluit - verzending - NORDMANN zonder kluit 125-150 cm | AR11: FALSE | AS11: FALSE
A12: #BB-25-6871 | B12: ZNDRKLUIT-160170 | C12: -1 | D12: Shipping-Day: thursday Shipping-Date: 2025/11/27 Checkout-Method: shipping | E12: ZNDRKLUIT-160170 | F12: BeterBoompje zonder kluit - verzending | G12: fulfilled | H12: 32601231622467 | I12: fulfilled | K12: 42085703581939 | L12: success | M12: https://ws01.ffdx.net/v4/etrack_blank.aspx?stid=SKYNET&viewtype=&cn=006562533600 | N12: Iris | O12: Deppe | P12: Iris | Q12: Deppe | R12: Iris Deppe | T12: +31621940183 | U12: Korenbloem 44 | W12: 4102 HT | X12: Culemborg | AA12: Netherlands | AB12: NL | AD12: echte-duurzame-nordmann-kerstboom | AE12: DEFAULT | AG12: 10394851770691 | AH12: Fulfillment Line | AI12: 23328908902723 | AK12: 6714601046339 | AL12: BeterBoompje zonder kluit - verzending - NORDMANN zonder kluit 150-175 cm | AM12: 23412816380227 | AP12: Standard | AQ12: ZONDER-160-170 | AR12: FALSE | AS12: FALSE
A13: #BB-25-6885 | B13: ZNDRKLUIT-140150 | C13: 1 | D13: Checkout-Method: shipping Shipping-Date: 2025/11/29 Shipping-Day: saturday | E13: ZNDRKLUIT-140150 | F13: BeterBoompje zonder kluit - verzending | H13: 32608812958019 | K13: 42085703549171 | N13: Sterre | O13: Rechtuijt | P13: Sterre | Q13: Rechtuijt | R13: Sterre Rechtuijt | T13: +31643487797 | U13: Cees Sipkeslaan 328 | W13: 1112 XK | X13: Diemen | AA13: Netherlands | AB13: NL | AD13: echte-duurzame-nordmann-kerstboom | AE13: DEFAULT | AG13: 10398641389891 | AH13: Line Item | AI13: 23333187944771 | AL13: BeterBoompje zonder kluit - verzending - NORDMANN zonder kluit 125-150 cm | AM13: 8670698209603 | AP13: BeterBoompje zonder kluit - verzending - NORDMANN zonder kluit 125-150 cm | AQ13: ZONDER-140-150 | AR13: FALSE | AS13: FALSE
A14: #BB-25-6885 | D14: Checkout-Method: shipping Shipping-Date: 2025/11/29 Shipping-Day: saturday | F14: Standard | H14: 9462259843395 | N14: Sterre | O14: Rechtuijt | P14: Sterre | Q14: Rechtuijt | R14: Sterre Rechtuijt | T14: +31643487797 | U14: Cees Sipkeslaan 328 | W14: 1112 XK | X14: Diemen | AA14: Netherlands | AB14: NL | AE14: DEFAULT | AG14: 10398641389891 | AH14: Shipping Line | AI14: 23333187944771 | AL14: Standard | AM14: 8670698209603 | AP14: Standard | AR14: FALSE | AS14: FALSE
A15: #BB-25-6888 | B15: ZNDRKLUIT-160170 | C15: 1 | D15: Checkout-Method: shipping Shipping-Day: saturday Shipping-Date: 2025/12/06 | E15: ZNDRKLUIT-160170 | F15: BeterBoompje zonder kluit - verzending | H15: 32610321924419 | K15: 42085703581939 | N15: Renske | O15: van der Meulen | P15: Renske | Q15: van der Meulen | R15: Renske van der Meulen | T15: +31610697598 | U15: Oudaen 9 | W15: 5653 KA | X15: Eindhoven | AA15: Netherlands | AB15: NL | AD15: echte-duurzame-nordmann-kerstboom | AE15: DEFAULT | AG15: 10399358845251 | AH15: Line Item | AI15: 23333969035587 | AL15: BeterBoompje zonder kluit - verzending - NORDMANN zonder kluit 150-175 cm | AM15: 23412310933827 | AP15: BeterBoompje met Kluit - verzending - Picea Omorika met kluit 175-200 cm / Ja inclusief terugplant ticket (+€7.50) | AQ15: ZONDER-160-170 | AR15: FALSE | AS15: FALSE
A16: #BB-25-6888 | D16: Checkout-Method: shipping Shipping-Day: saturday Shipping-Date: 2025/12/06 | F16: Standard | H16: 9462889316675 | N16: Renske | O16: van der Meulen | P16: Renske | Q16: van der Meulen | R16: Renske van der Meulen | T16: +31610697598 | U16: Oudaen 9 | W16: 5653 KA | X16: Eindhoven | AA16: Netherlands | AB16: NL | AE16: DEFAULT | AG16: 10399358845251 | AH16: Shipping Line | AI16: 23333969035587 | AL16: Standard | AM16: 23412310933827 | AP16: een boom met kluit | AR16: FALSE | AS16: FALSE
A17: #BB-25-6873 | B17: ZNDRKLUIT-160170 | C17: 1 | D17: Shipping-Day: tuesday Shipping-Date: 2025/12/09 Checkout-Method: shipping | E17: ZNDRKLUIT-160170 | F17: BeterBoompje zonder kluit - verzending | H17: 32601791365443 | K17: 42085703581939 | N17: Birgit | O17: Benscheidt-Oostveen | P17: Birgit | Q17: Benscheidt-Oostveen | R17: Birgit Benscheidt-Oostveen | T17: +31618164865 | U17: Van Swindenstraat 115 | W17: 3514 XR | X17: Utrecht | AA17: Netherlands | AB17: NL | AD17: echte-duurzame-nordmann-kerstboom | AE17: DEFAULT | AG17: 10395124531523 | AH17: Line Item | AI17: 23329239073091 | AL17: BeterBoompje zonder kluit - verzending - NORDMANN zonder kluit 150-175 cm | AM17: 23412270137667 | AP17: BeterBoompje met Kluit - verzending - Picea Omorika met kluit 125-150 cm / Nee geen terugplant ticket | AQ17: ZONDER-160-170 | AR17: FALSE | AS17: FALSE
A18: #BB-25-6873 | D18: Shipping-Day: tuesday Shipping-Date: 2025/12/09 Checkout-Method: shipping | F18: Standard | H18: 9459445629251 | N18: Birgit | O18: Benscheidt-Oostveen | P18: Birgit | Q18: Benscheidt-Oostveen | R18: Birgit Benscheidt-Oostveen | T18: +31618164865 | U18: Van Swindenstraat 115 | W18: 3514 XR | X18: Utrecht | AA18: Netherlands | AB18: NL | AE18: DEFAULT | AG18: 10395124531523 | AH18: Shipping Line | AI18: 23329239073091 | AL18: Standard | AM18: 23412270137667 | AP18: een boom met kluit | AR18: FALSE | AS18: FALSE
A19: #BB-25-6881 | B19: KLUIT-100125-VERZENDEN | C19: 1 | D19: Shipping-Day: friday Shipping-Date: 2025/11/28 Checkout-Method: shipping | E19: KLUIT-100125-VERZENDEN | F19: BeterBoompje met Kluit - verzending | H19: 32608127516995 | K19: 47338059727171 | N19: Bob | O19: Oorsprong | P19: Bob | Q19: Oorsprong | R19: Bob Oorsprong | T19: +31648137206 | U19: Buitendijk 12 | W19: 4255 GV | X19: Nieuwendijk | AA19: Netherlands | AB19: NL | AD19: beterboompje-met-kluit | AE19: DEFAULT | AG19: 10398297882947 | AH19: Line Item | AI19: 23332764877123 | AL19: BeterBoompje met Kluit - verzending - Picea Omorika met kluit 100-125 cm / Nee geen terugplant ticket | AM19: 8596559692099 | AP19: BeterBoompje zonder kluit - verzending - NORDMANN zonder kluit 150-175 cm | AQ19: MET-100-125 | AR19: FALSE | AS19: FALSE
A20: #BB-25-6881 | D20: Shipping-Day: friday Shipping-Date: 2025/11/28 Checkout-Method: shipping | F20: een boom met kluit | H20: 9461958574403 | N20: Bob | O20: Oorsprong | P20: Bob | Q20: Oorsprong | R20: Bob Oorsprong | T20: +31648137206 | U20: Buitendijk 12 | W20: 4255 GV | X20: Nieuwendijk | AA20: Netherlands | AB20: NL | AE20: DEFAULT | AG20: 10398297882947 | AH20: Shipping Line | AI20: 23332764877123 | AL20: een boom met kluit | AM20: 8596559692099 | AP20: Standard | AR20: FALSE | AS20: FALSE
A21: #BB-25-6896 | B21: ZNDRKLUIT-160170 | C21: 1 | D21: Shipping-Day: saturday Shipping-Date: 2025/12/06 Checkout-Method: shipping | E21: ZNDRKLUIT-160170 | F21: BeterBoompje zonder kluit - verzending | H21: 32616246346051 | K21: 42085703581939 | N21: Inger | O21: Pietersen | P21: Inger | Q21: Pietersen | R21: Inger Pietersen | T21: +31615886382 | U21: Verlengde Parkweg 6 | W21: 6717 GN | X21: Ede | AA21: Netherlands | AB21: NL | AD21: echte-duurzame-nordmann-kerstboom | AE21: DEFAULT | AG21: 10402308325699 | AH21: Line Item | AI21: 23337615229251 | AL21: BeterBoompje zonder kluit - verzending - NORDMANN zonder kluit 150-175 cm | AM21: 23411361218883 | AP21: een boom met kluit | AQ21: ZONDER-160-170 | AR21: FALSE | AS21: FALSE
A22: #BB-25-6896 | D22: Shipping-Day: saturday Shipping-Date: 2025/12/06 Checkout-Method: shipping | F22: Standard | H22: 9465377718595 | N22: Inger | O22: Pietersen | P22: Inger | Q22: Pietersen | R22: Inger Pietersen | T22: +31615886382 | U22: Verlengde Parkweg 6 | W22: 6717 GN | X22: Ede | AA22: Netherlands | AB22: NL | AE22: DEFAULT | AG22: 10402308325699 | AH22: Shipping Line | AI22: 23337615229251 | AL22: Standard | AM22: 23411262062915 | AP22: Standard | AR22: FALSE | AS22: FALSE
A23: #BB-25-6908 | B23: ZNDRKLUIT-140150 | C23: 1 | D23: Checkout-Method: shipping Shipping-Day: tuesday Shipping-Date: 2025/12/02 | E23: ZNDRKLUIT-140150 | F23: BeterBoompje zonder kluit - verzending | H23: 32630636085571 | K23: 42085703549171 | N23: Roos | O23: Entius | P23: Roos | Q23: Entius | R23: Roos Entius | T23: +31637561291 | U23: Houtstraat 49 | W23: 3513 XG | X23: Utrecht | AA23: Netherlands | AB23: NL | AD23: echte-duurzame-nordmann-kerstboom | AE23: DEFAULT | AG23: 10407283687747 | AH23: Line Item | AI23: 23343044788547 | AL23: BeterBoompje zonder kluit - verzending - NORDMANN zonder kluit 125-150 cm | AM23: 23411141378371 | AP23: BeterBoompje zonder kluit - verzending - NORDMANN zonder kluit 125-150 cm | AQ23: ZONDER-140-150 | AR23: FALSE | AS23: FALSE
A24: #BB-25-6908 | D24: Checkout-Method: shipping Shipping-Day: tuesday Shipping-Date: 2025/12/02 | F24: Standard | H24: 9469670981955 | N24: Roos | O24: Entius | P24: Roos | Q24: Entius | R24: Roos Entius | T24: +31637561291 | U24: Houtstraat 49 | W24: 3513 XG | X24: Utrecht | AA24: Netherlands | AB24: NL | AE24: DEFAULT | AG24: 10407283687747 | AH24: Shipping Line | AI24: 23343044788547 | AL24: Standard | AM24: 23411141378371 | AP24: Standard | AR24: FALSE | AS24: FALSE
A25: #BB-25-6911 | B25: ZNDRKLUIT-160170 | C25: 1 | D25: Shipping-Date: 2025/11/29 Checkout-Method: shipping Shipping-Day: saturday | E25: ZNDRKLUIT-160170 | F25: BeterBoompje zonder kluit - verzending | H25: 32631253139779 | K25: 42085703581939 | N25: Tim | O25: Barnhoorn | P25: Tim | Q25: Barnhoorn | R25: Tim Barnhoorn | T25: 0624980369 | U25: Roomburgerlaan 23 | W25: 2313 PP | X25: Leiden | AA25: Netherlands | AB25: NL | AD25: echte-duurzame-nordmann-kerstboom | AE25: DEFAULT | AG25: 10407590068547 | AH25: Line Item | AI25: 23343333114179 | AL25: BeterBoompje zonder kluit - verzending - NORDMANN zonder kluit 150-175 cm | AM25: 23412988444995 | AP25: BeterBoompje met Kluit - verzending - Picea Omorika met kluit 175-200 cm / Nee geen terugplant ticket | AQ25: ZONDER-160-170 | AR25: FALSE | AS25: FALSE
A26: #BB-25-6911 | D26: Shipping-Date: 2025/11/29 Checkout-Method: shipping Shipping-Day: saturday | F26: Standard | H26: 9469891576131 | N26: Tim | O26: Barnhoorn | P26: Tim | Q26: Barnhoorn | R26: Tim Barnhoorn | T26: 0624980369 | U26: Roomburgerlaan 23 | W26: 2313 PP | X26: Leiden | AA26: Netherlands | AB26: NL | AE26: DEFAULT | AG26: 10407590068547 | AH26: Shipping Line | AI26: 23343333114179 | AL26: Standard | AM26: 23409889739075 | AP26: BeterBoompje zonder kluit - verzending - NORDMANN zonder kluit 125-150 cm | AR26: FALSE | AS26: FALSE
A27: #BB-25-6912 | B27: ZNDRKLUIT-160170 | C27: 1 | D27: Shipping-Day: tuesday Shipping-Date: 2025/12/16 Checkout-Method: shipping | E27: ZNDRKLUIT-160170 | F27: BeterBoompje zonder kluit - verzending | H27: 32631578362179 | K27: 42085703581939 | N27: Ingrid | O27: Venekamp | P27: Ingrid | Q27: Venekamp | R27: Ingrid Venekamp | T27: 0651310950 | U27: Honingerhof 6 | W27: 3063 BZ | X27: Rotterdam | AA27: Netherlands | AB27: NL | AD27: echte-duurzame-nordmann-kerstboom | AE27: DEFAULT | AG27: 10407753351491 | AH27: Line Item | AI27: 6473148891379 | AL27: BeterBoompje zonder kluit - verzending - NORDMANN zonder kluit 150-175 cm | AM27: 23409889739075 | AP27: Tarfief Belgie | AQ27: ZONDER-160-170 | AR27: FALSE | AS27: FALSE
A28: #BB-25-6912 | D28: Shipping-Day: tuesday Shipping-Date: 2025/12/16 Checkout-Method: shipping | F28: Standard | H28: 9470008787267 | N28: Ingrid | O28: Venekamp | P28: Ingrid | Q28: Venekamp | R28: Ingrid Venekamp | T28: 0651310950 | U28: Honingerhof 6 | W28: 3063 BZ | X28: Rotterdam | AA28: Netherlands | AB28: NL | AE28: DEFAULT | AG28: 10407753351491 | AH28: Shipping Line | AI28: 6473148891379 | AL28: Standard | AM28: 23409770561859 | AP28: Standard | AR28: FALSE | AS28: FALSE
A29: #BB-25-6878 | B29: ZNDRKLUIT-160170 | C29: 1 | D29: Shipping-Day: wednesday Shipping-Date: 2025/12/10 Checkout-Method: shipping | E29: ZNDRKLUIT-160170 | F29: BeterBoompje zonder kluit - verzending | H29: 32603479605571 | K29: 42085703581939 | N29: Miranda | O29: Schets | P29: Miranda | Q29: Schets | R29: Miranda Schets | T29: +31624134596 | U29: Krepelstraat 4 | W29: 4301 AM | X29: Zierikzee | AA29: Netherlands | AB29: NL | AD29: echte-duurzame-nordmann-kerstboom | AE29: DEFAULT | AG29: 10395954938179 | AH29: Line Item | AI29: 23330154152259 | AL29: BeterBoompje zonder kluit - verzending - NORDMANN zonder kluit 150-175 cm | AM29: 23409313677635 | AP29: BeterBoompje zonder kluit - verzending - NORDMANN zonder kluit 125-150 cm | AQ29: ZONDER-160-170 | AR29: FALSE | AS29: FALSE
A30: #BB-25-6878 | D30: Shipping-Day: wednesday Shipping-Date: 2025/12/10 Checkout-Method: shipping | F30: Standard | H30: 9460127433027 | N30: Miranda | O30: Schets | P30: Miranda | Q30: Schets | R30: Miranda Schets | T30: +31624134596 | U30: Krepelstraat 4 | W30: 4301 AM | X30: Zierikzee | AA30: Netherlands | AB30: NL | AE30: DEFAULT | AG30: 10395954938179 | AH30: Shipping Line | AI30: 23330154152259 | AL30: Standard | AM30: 6446403879155 | AP30: BeterBoompje zonder kluit - verzending - NORDMANN zonder kluit 150-175 cm | AR30: FALSE | AS30: FALSE
A31: #BB-25-6927 | B31: KLUIT-150175-VERZENDEN | C31: 1 | D31: Shipping-Day: saturday Shipping-Date: 2025/12/06 Checkout-Method: shipping | E31: KLUIT-150175-VERZENDEN | F31: BeterBoompje met Kluit - verzending | H31: 32636326740291 | K31: 47338059792707 | N31: Lisa | O31: Rutten | P31: Lisa | Q31: Rutten | R31: Lisa Rutten | T31: +31628030002 | U31: tt. Vasumweg | V31: 32 G1 | W31: 1033 SC | X31: AMSTERDAM | AA31: Netherlands | AB31: NL | AD31: beterboompje-met-kluit | AE31: DEFAULT | AG31: 10410135781699 | AH31: Line Item | AI31: 7442303779139 | AL31: BeterBoompje met Kluit - verzending - Picea Omorika met kluit 150-175 cm / Nee geen terugplant ticket | AM31: 6446403879155 | AP31: Standard | AQ31: MET-150-175 | AR31: FALSE | AS31: FALSE
A32: #BB-25-6927 | D32: Shipping-Day: saturday Shipping-Date: 2025/12/06 Checkout-Method: shipping | F32: een boom met kluit | H32: 9471928697155 | N32: Lisa | O32: Rutten | P32: Lisa | Q32: Rutten | R32: Lisa Rutten | T32: +31628030002 | U32: tt. Vasumweg | V32: 32 G1 | W32: 1033 SC | X32: AMSTERDAM | AA32: Netherlands | AB32: NL | AE32: DEFAULT | AG32: 10410135781699 | AH32: Shipping Line | AI32: 7442303779139 | AL32: een boom met kluit | AM32: 6478896333043 | AP32: BeterBoompje zonder kluit - verzending - NORDMANN zonder kluit 125-150 cm | AR32: FALSE | AS32: FALSE
A33: #BB-25-6901 | B33: ZNDRKLUIT-160170 | C33: 1 | D33: Shipping-Day: saturday Shipping-Date: 2025/12/06 Checkout-Method: shipping | E33: ZNDRKLUIT-160170 | F33: BeterBoompje zonder kluit - verzending | H33: 32619919606083 | K33: 42085703581939 | N33: Roos | O33: van Velzen | P33: Roos | Q33: van Velzen | R33: Roos van Velzen | T33: +31631949606 | U33: Obistraat 54 | W33: 2022 CJ | X33: Haarlem | AA33: Netherlands | AB33: NL | AD33: echte-duurzame-nordmann-kerstboom | AE33: DEFAULT | AG33: 10404153721155 | AH33: Line Item | AI33: 7464624423235 | AL33: BeterBoompje zonder kluit - verzending - NORDMANN zonder kluit 150-175 cm | AM33: 6478896333043 | AP33: Standard | AQ33: ZONDER-160-170 | AR33: FALSE | AS33: FALSE
A34: #BB-25-6901 | D34: Shipping-Day: saturday Shipping-Date: 2025/12/06 Checkout-Method: shipping | F34: Standard | H34: 9466891665731 | N34: Roos | O34: van Velzen | P34: Roos | Q34: van Velzen | R34: Roos van Velzen | T34: +31631949606 | U34: Obistraat 54 | W34: 2022 CJ | X34: Haarlem | AA34: Netherlands | AB34: NL | AE34: DEFAULT | AG34: 10404153721155 | AH34: Shipping Line | AI34: 7464624423235 | AL34: Standard | AM34: 7433540632899 | AP34: BeterBoompje zonder kluit - verzending - NORDMANN zonder kluit 125-150 cm | AR34: FALSE | AS34: FALSE
A35: #BB-25-6946 | B35: ZNDRKLUIT-160170 | C35: 1 | D35: Shipping-Day: wednesday Shipping-Date: 2025/12/03 Checkout-Method: shipping | E35: ZNDRKLUIT-160170 | F35: BeterBoompje zonder kluit - verzending | H35: 32641981219139 | K35: 42085703581939 | N35: Nadia | O35: Moss | P35: Nadia | Q35: Moss | R35: Nadia Moss | T35: 0623558245 | U35: Hartingstraat 266 | W35: 3511 HV | X35: Utrecht | AA35: Netherlands | AB35: NL | AD35: echte-duurzame-nordmann-kerstboom | AE35: DEFAULT | AG35: 10412907659587 | AH35: Line Item | AI35: 8563901038915 | AL35: BeterBoompje zonder kluit - verzending - NORDMANN zonder kluit 150-175 cm | AM35: 7433540632899 | AP35: Standard | AQ35: ZONDER-160-170 | AR35: FALSE | AS35: FALSE
A36: #BB-25-6946 | D36: Shipping-Day: wednesday Shipping-Date: 2025/12/03 Checkout-Method: shipping | F36: Standard | H36: 9474311684419 | N36: Nadia | O36: Moss | P36: Nadia | Q36: Moss | R36: Nadia Moss | T36: 0623558245 | U36: Hartingstraat 266 | W36: 3511 HV | X36: Utrecht | AA36: Netherlands | AB36: NL | AE36: DEFAULT | AG36: 10412907659587 | AH36: Shipping Line | AI36: 8563901038915 | AL36: Standard | AM36: 23407902589251 | AP36: BeterBoompje zonder kluit - verzending - NORDMANN zonder kluit 125-150 cm | AR36: FALSE | AS36: FALSE
A37: #BB-25-6958 | B37: ZNDRKLUIT-160170 | C37: 1 | D37: Shipping-Day: friday Shipping-Date: 2025/11/28 Checkout-Method: shipping | E37: ZNDRKLUIT-160170 | F37: BeterBoompje zonder kluit - verzending | H37: 32644948230467 | K37: 42085703581939 | N37: Lieke | O37: Lieke | P37: Lieke | Q37: Lieke | R37: Lieke Lieke | T37: +31684169846 | U37: Prinsengracht 689E | W37: 1017 JV | X37: Amsterdam | AA37: Netherlands | AB37: NL | AD37: echte-duurzame-nordmann-kerstboom | AE37: DEFAULT | AG37: 10414378025283 | AH37: Line Item | AI37: 7406929576259 | AL37: BeterBoompje zonder kluit - verzending - NORDMANN zonder kluit 150-175 cm | AM37: 23407902589251 | AP37: Standard | AQ37: ZONDER-160-170 | AR37: FALSE | AS37: FALSE
A38: #BB-25-6958 | D38: Shipping-Day: friday Shipping-Date: 2025/11/28 Checkout-Method: shipping | F38: Standard | H38: 9475519938883 | N38: Lieke | O38: Lieke | P38: Lieke | Q38: Lieke | R38: Lieke Lieke | T38: +31684169846 | U38: Prinsengracht 689E | W38: 1017 JV | X38: Amsterdam | AA38: Netherlands | AB38: NL | AE38: DEFAULT | AG38: 10414378025283 | AH38: Shipping Line | AI38: 7406929576259 | AL38: Standard | AM38: 8499438027075 | AP38: een boom met kluit | AR38: FALSE | AS38: FALSE
A39: #BB-25-6962 | B39: KLUIT-125150-VERZENDEN | C39: 1 | D39: Shipping-Day: friday Shipping-Date: 2025/11/28 Checkout-Method: shipping | E39: KLUIT-125150-VERZENDEN | F39: BeterBoompje met Kluit - verzending | H39: 32647134052675 | K39: 47338059759939 | N39: Adri | O39: Sloot | P39: Adri | Q39: Sloot | R39: Adri Sloot | T39: 0681458048 | U39: Benedenberg 47 | W39: 2861 LC | X39: Bergambacht | AA39: Netherlands | AB39: NL | AD39: beterboompje-met-kluit | AE39: DEFAULT | AG39: 10415346614595 | AH39: Line Item | AI39: 8416752533827 | AL39: BeterBoompje met Kluit - verzending - Picea Omorika met kluit 125-150 cm / Nee geen terugplant ticket | AM39: 8620335399235 | AP39: BeterBoompje zonder kluit - verzending - NORDMANN zonder kluit 125-150 cm | AQ39: MET-125-150 | AR39: FALSE | AS39: FALSE
A40: #BB-25-6962 | D40: Shipping-Day: friday Shipping-Date: 2025/11/28 Checkout-Method: shipping | F40: een boom met kluit | H40: 9476288905539 | N40: Adri | O40: Sloot | P40: Adri | Q40: Sloot | R40: Adri Sloot | T40: 0681458048 | U40: Benedenberg 47 | W40: 2861 LC | X40: Bergambacht | AA40: Netherlands | AB40: NL | AE40: DEFAULT | AG40: 10415346614595 | AH40: Shipping Line | AI40: 8416752533827 | AL40: een boom met kluit | AM40: 8563377373507 | AP40: Standard | AR40: FALSE | AS40: FALSE
A41: #BB-25-6964 | B41: ZNDRKLUIT-140150 | C41: 1 | D41: Shipping-Day: wednesday Shipping-Date: 2025/12/10 Checkout-Method: shipping | E41: ZNDRKLUIT-140150 | F41: BeterBoompje zonder kluit - verzending | H41: 32647867695427 | K41: 42085703549171 | N41: Lieke | O41: Bloemendal | P41: Lieke | Q41: Bloemendal | R41: Lieke Bloemendal | T41: +31649706169 | U41: Leidatoweg, 21 | W41: 2316 LJ | X41: Leiden | AA41: Netherlands | AB41: NL | AD41: echte-duurzame-nordmann-kerstboom | AE41: DEFAULT | AG41: 10415668429123 | AH41: Line Item | AI41: 8656989651267 | AL41: BeterBoompje zonder kluit - verzending - NORDMANN zonder kluit 125-150 cm | AM41: 8621860454723 | AP41: BeterBoompje zonder kluit - verzending - NORDMANN zonder kluit 150-175 cm | AQ41: ZONDER-140-150 | AR41: FALSE | AS41: FALSE
A42: #BB-25-6964 | D42: Shipping-Day: wednesday Shipping-Date: 2025/12/10 Checkout-Method: shipping | F42: Standard | H42: 9476555047235 | N42: Lieke | O42: Bloemendal | P42: Lieke | Q42: Bloemendal | R42: Lieke Bloemendal | T42: +31649706169 | U42: Leidatoweg, 21 | W42: 2316 LJ | X42: Leiden | AA42: Netherlands | AB42: NL | AE42: DEFAULT | AG42: 10415668429123 | AH42: Shipping Line | AI42: 8656989651267 | AL42: Standard | AM42: 8621860454723 | AP42: Standard | AR42: FALSE | AS42: FALSE
A43: #BB-25-6965 | B43: ZNDRKLUIT-160170 | C43: 1 | D43: Shipping-Day: friday Shipping-Date: 2025/12/12 Checkout-Method: shipping | E43: ZNDRKLUIT-160170 | F43: BeterBoompje zonder kluit - verzending | H43: 32648108540227 | K43: 42085703581939 | N43: Marlies | O43: Bliekendaal | P43: Marlies | Q43: Bliekendaal | R43: Marlies Bliekendaal | T43: +31628830027 | U43: Sophiakade | V43: 48 | W43: 3061 DK | X43: Rotterdam | AA43: Netherlands | AB43: NL | AD43: echte-duurzame-nordmann-kerstboom | AE43: DEFAULT | AG43: 10415772664131 | AH43: Line Item | AI43: 23359414960451 | AL43: BeterBoompje zonder kluit - verzending - NORDMANN zonder kluit 150-175 cm | AM43: 7429139988803 | AP43: BeterBoompje zonder kluit - verzending - NORDMANN zonder kluit 150-175 cm | AQ43: ZONDER-160-170 | AR43: FALSE | AS43: FALSE
A44: #BB-25-6965 | D44: Shipping-Day: friday Shipping-Date: 2025/12/12 Checkout-Method: shipping | F44: Standard | H44: 9476652106051 | N44: Marlies | O44: Bliekendaal | P44: Marlies | Q44: Bliekendaal | R44: Marlies Bliekendaal | T44: +31628830027 | U44: Sophiakade | V44: 48 | W44: 3061 DK | X44: Rotterdam | AA44: Netherlands | AB44: NL | AE44: DEFAULT | AG44: 10415772664131 | AH44: Shipping Line | AI44: 23359414960451 | AL44: Standard | AM44: 7429139988803 | AP44: driebomen | AR44: FALSE | AS44: FALSE
A45: #BB-25-6966 | B45: KLUIT-100125-VERZENDEN | C45: 2 | D45: Shipping-Day: saturday Shipping-Date: 2025/12/06 Checkout-Method: shipping | E45: KLUIT-100125-VERZENDEN | F45: BeterBoompje met Kluit - verzending | H45: 32648286830915 | K45: 47338059727171 | N45: Deirdre | O45: Reijerman | P45: Deirdre | Q45: Reijerman | R45: Deirdre Reijerman | T45: 626500027 | U45: Rustenburgherweg 19 | W45: 2061 JA | X45: Bloemendaal | AA45: Netherlands | AB45: NL | AD45: beterboompje-met-kluit | AE45: DEFAULT | AG45: 10415845572931 | AH45: Line Item | AI45: 5976551227635 | AL45: BeterBoompje met Kluit - verzending - Picea Omorika met kluit 100-125 cm / Nee geen terugplant ticket | AM45: 6472472232179 | AP45: BeterBoompje zonder kluit - verzending - NORDMANN zonder kluit 150-175 cm | AQ45: MET-100-125 | AR45: FALSE | AS45: FALSE
A46: #BB-25-6966 | D46: Shipping-Day: saturday Shipping-Date: 2025/12/06 Checkout-Method: shipping | F46: Twee bomen met kluit | H46: 9476721180995 | N46: Deirdre | O46: Reijerman | P46: Deirdre | Q46: Reijerman | R46: Deirdre Reijerman | T46: 626500027 | U46: Rustenburgherweg 19 | W46: 2061 JA | X46: Bloemendaal | AA46: Netherlands | AB46: NL | AE46: DEFAULT | AG46: 10415845572931 | AH46: Shipping Line | AI46: 5976551227635 | AL46: Twee bomen met kluit | AM46: 6472472232179 | AP46: Standard | AR46: FALSE | AS46: FALSE
A47: #BB-25-6970 | B47: ZNDRKLUIT-160170 | C47: 1 | D47: Shipping-Day: saturday Shipping-Date: 2025/12/06 Checkout-Method: shipping | E47: ZNDRKLUIT-160170 | F47: BeterBoompje zonder kluit - verzending | H47: 32657009574211 | K47: 42085703581939 | N47: Maurice | O47: Grendelman | P47: Maurice | Q47: Grendelman | R47: Maurice Grendelman | T47: 0627360352 | U47: Hagelstraat 5c | W47: 8011 RN | X47: Zwolle | AA47: Netherlands | AB47: NL | AD47: echte-duurzame-nordmann-kerstboom | AE47: DEFAULT | AG47: 10419019481411 | AH47: Line Item | AI47: 23364986569027 | AL47: BeterBoompje zonder kluit - verzending - NORDMANN zonder kluit 150-175 cm | AM47: 23407726657859 | AP47: BeterBoompje met Kluit - verzending - Picea Omorika met kluit 150-175 cm / Nee geen terugplant ticket | AQ47: ZONDER-160-170 | AR47: FALSE | AS47: FALSE
A48: #BB-25-6970 | D48: Shipping-Day: saturday Shipping-Date: 2025/12/06 Checkout-Method: shipping | F48: Standard | H48: 9479590805827 | N48: Maurice | O48: Grendelman | P48: Maurice | Q48: Grendelman | R48: Maurice Grendelman | T48: 0627360352 | U48: Hagelstraat 5c | W48: 8011 RN | X48: Zwolle | AA48: Netherlands | AB48: NL | AE48: DEFAULT | AG48: 10419019481411 | AH48: Shipping Line | AI48: 23364986569027 | AL48: Standard | AM48: 23407726657859 | AP48: een boom met kluit | AR48: FALSE | AS48: FALSE
A49: #BB-25-6976 | B49: KLUIT-150175-VERZENDEN | C49: 1 | D49: Shipping-Day: saturday Shipping-Date: 2025/12/06 Checkout-Method: shipping | E49: KLUIT-150175-VERZENDEN | F49: BeterBoompje met Kluit - verzending | H49: 32660808892739 | K49: 47338059792707 | N49: Ilse | O49: Bastmeijer | P49: Ilse | Q49: Bastmeijer | R49: Ilse Bastmeijer | T49: 0650694704 | U49: Rietveld | V49: 11 | W49: 4241 EB | X49: Arkel | AA49: Netherlands | AB49: NL | AD49: beterboompje-met-kluit | AE49: DEFAULT | AG49: 10420807631171 | AH49: Line Item | AI49: 23369212232003 | AL49: BeterBoompje met Kluit - verzending - Picea Omorika met kluit 150-175 cm / Nee geen terugplant ticket | AM49: 8643863380291 | AP49: BeterBoompje met Kluit - verzending - Picea Omorika met kluit 100-125 cm / Ja inclusief terugplant ticket (+€7.50) | AQ49: MET-150-175 | AR49: FALSE | AS49: FALSE
A50: #BB-25-6976 | D50: Shipping-Day: saturday Shipping-Date: 2025/12/06 Checkout-Method: shipping | F50: een boom met kluit | H50: 9481057141059 | N50: Ilse | O50: Bastmeijer | P50: Ilse | Q50: Bastmeijer | R50: Ilse Bastmeijer | T50: 0650694704 | U50: Rietveld | V50: 11 | W50: 4241 EB | X50: Arkel | AA50: Netherlands | AB50: NL | AE50: DEFAULT | AG50: 10420807631171 | AH50: Shipping Line | AI50: 23369212232003 | AL50: een boom met kluit | AM50: 7457860223299 | AP50: BeterBoompje zonder kluit - verzending - NORDMANN zonder kluit 125-150 cm | AR50: FALSE | AS50: FALSE
A51: #BB-25-6892 | B51: ZNDRKLUIT-160170 | C51: 1 | D51: Shipping-Day: tuesday Shipping-Date: 2025/12/09 Checkout-Method: shipping | E51: ZNDRKLUIT-160170 | F51: BeterBoompje zonder kluit - verzending | H51: 32612991205699 | K51: 42085703581939 | N51: Deanna | O51: Stephenson | P51: Deanna | Q51: Stephenson | R51: Deanna Stephenson | T51: +31648571007 | U51: Van sijpesteijnkade 17J | W51: 3521 AH | X51: Utrecht | AA51: Netherlands | AB51: NL | AD51: echte-duurzame-nordmann-kerstboom | AE51: DEFAULT | AG51: 10400663044419 | AH51: Line Item | AI51: 23335698923843 | AL51: BeterBoompje zonder kluit - verzending - NORDMANN zonder kluit 150-175 cm | AM51: 23403116953923 | AP51: BeterBoompje zonder kluit - verzending - NORDMANN zonder kluit 150-175 cm | AQ51: ZONDER-160-170 | AR51: FALSE | AS51: FALSE
A52: #BB-25-6892 | D52: Shipping-Day: tuesday Shipping-Date: 2025/12/09 Checkout-Method: shipping | F52: Standard | H52: 9464002838851 | N52: Deanna | O52: Stephenson | P52: Deanna | Q52: Stephenson | R52: Deanna Stephenson | T52: +31648571007 | U52: Van sijpesteijnkade 17J | W52: 3521 AH | X52: Utrecht | AA52: Netherlands | AB52: NL | AE52: DEFAULT | AG52: 10400663044419 | AH52: Shipping Line | AI52: 23335698923843 | AL52: Standard | AM52: 23402960257347 | AP52: BeterBoompje met Kluit - verzending - Picea Omorika met kluit 175-200 cm / Ja inclusief terugplant ticket (+€7.50) | AR52: FALSE | AS52: FALSE
A53: #BB-25-6983 | B53: ZNDRKLUIT-160170 | C53: 1 | D53: Shipping-Day: saturday Shipping-Date: 2025/12/20 Checkout-Method: shipping | E53: ZNDRKLUIT-160170 | F53: BeterBoompje zonder kluit - verzending | H53: 32663348937027 | K53: 42085703581939 | N53: J.W. | O53: Bult | P53: J.W. | Q53: Bult | R53: J.W. Bult | T53: 0616803918 | U53: Sumatrakade 193 | W53: 1019 PK | X53: Amsterdam | AA53: Netherlands | AB53: NL | AD53: echte-duurzame-nordmann-kerstboom | AE53: DEFAULT | AG53: 10422192210243 | AH53: Line Item | AI53: 23371785175363 | AL53: BeterBoompje zonder kluit - verzending - NORDMANN zonder kluit 150-175 cm | AM53: 23402960257347 | AP53: een boom met kluit | AQ53: ZONDER-160-170 | AR53: FALSE | AS53: FALSE
A54: #BB-25-6983 | D54: Shipping-Day: saturday Shipping-Date: 2025/12/20 Checkout-Method: shipping | F54: Standard | H54: 9482351935811 | N54: J.W. | O54: Bult | P54: J.W. | Q54: Bult | R54: J.W. Bult | T54: 0616803918 | U54: Sumatrakade 193 | W54: 1019 PK | X54: Amsterdam | AA54: Netherlands | AB54: NL | AE54: DEFAULT | AG54: 10422192210243 | AH54: Shipping Line | AI54: 23371785175363 | AL54: Standard | AM54: 6484930691315 | AP54: BeterBoompje zonder kluit - verzending - NORDMANN zonder kluit 150-175 cm | AR54: FALSE | AS54: FALSE
A55: #BB-25-7013 | B55: ZNDRKLUIT-160170 | C55: 1 | D55: Shipping-Day: wednesday Shipping-Date: 2025/12/10 Checkout-Method: shipping | E55: ZNDRKLUIT-160170 | F55: BeterBoompje zonder kluit - verzending | H55: 32670559797571 | K55: 42085703581939 | N55: Svetlana | O55: Undalova | P55: Svetlana | Q55: Undalova | R55: Svetlana Undalova | T55: 0638895256 | U55: Sint-Bonifaciusstraat 51 | W55: 3553 SP | X55: Utrecht | AA55: Netherlands | AB55: NL | AD55: echte-duurzame-nordmann-kerstboom | AE55: DEFAULT | AG55: 10425560695107 | AH55: Line Item | AI55: 23378895536451 | AL55: BeterBoompje zonder kluit - verzending - NORDMANN zonder kluit 150-175 cm | AM55: 6484930691315 | AP55: Standard | AQ55: ZONDER-160-170 | AR55: FALSE | AS55: FALSE
A56: #BB-25-7013 | D56: Shipping-Day: wednesday Shipping-Date: 2025/12/10 Checkout-Method: shipping | F56: Standard | H56: 9485233193283 | N56: Svetlana | O56: Undalova | P56: Svetlana | Q56: Undalova | R56: Svetlana Undalova | T56: 0638895256 | U56: Sint-Bonifaciusstraat 51 | W56: 3553 SP | X56: Utrecht | AA56: Netherlands | AB56: NL | AE56: DEFAULT | AG56: 10425560695107 | AH56: Shipping Line | AI56: 23378895536451 | AL56: Standard | AM56: 7439263236419 | AP56: Standard | AR56: FALSE | AS56: FALSE
A57: #BB-25-7014 | B57: ZNDRKLUIT-160170 | C57: 1 | E57: ZNDRKLUIT-160170 | F57: BeterBoompje zonder kluit - verzending | G57: fulfilled | H57: 32670630347075 | I57: fulfilled | J57: Graag bezorgen op dinsdag 02-12-2025 | K57: 42085703581939 | N57: Lieke | O57: Spann | P57: Lieke | Q57: Spann | R57: Lieke Spann | S57: BMD Advies Centraal Nederland BV | T57: 0852106471 | U57: Kraanstraat 22 | W57: 6541 EJ | X57: Nijmegen | AA57: Netherlands | AB57: NL | AD57: echte-duurzame-nordmann-kerstboom | AE57: DEFAULT | AG57: 10425594478915 | AH57: Line Item | AI57: 8478401233219 | AL57: BeterBoompje zonder kluit - verzending - NORDMANN zonder kluit 150-175 cm | AM57: 7393001636163 | AP57: Standard | AQ57: ZONDER-160-170 | AR57: FALSE | AS57: FALSE
A58: #BB-25-7014 | F58: Standard | H58: 9485265207619 | I58: fulfilled | N58: Lieke | O58: Spann | P58: Lieke | Q58: Spann | R58: Lieke Spann | S58: BMD Advies Centraal Nederland BV | T58: 0852106471 | U58: Kraanstraat 22 | W58: 6541 EJ | X58: Nijmegen | AA58: Netherlands | AB58: NL | AE58: DEFAULT | AG58: 10425594478915 | AH58: Shipping Line | AI58: 8478401233219 | AL58: Standard | AM58: 23401456238915 | AP58: BeterBoompje zonder kluit - verzending - NORDMANN zonder kluit 125-150 cm | AR58: FALSE | AS58: FALSE
A59: #BB-25-7014 | B59: ZNDRKLUIT-160170 | C59: -1 | E59: ZNDRKLUIT-160170 | F59: BeterBoompje zonder kluit - verzending | G59: fulfilled | H59: 32670630347075 | I59: fulfilled | K59: 42085703581939 | L59: success | M59: https://ws01.ffdx.net/v4/etrack_blank.aspx?stid=SKYNET&viewtype=&cn=006562550573 | N59: Lieke | O59: Spann | P59: Lieke | Q59: Spann | R59: Lieke Spann | S59: BMD Advies Centraal Nederland BV | T59: 0852106471 | U59: Kraanstraat 22 | W59: 6541 EJ | X59: Nijmegen | AA59: Netherlands | AB59: NL | AD59: echte-duurzame-nordmann-kerstboom | AE59: DEFAULT | AG59: 10425594478915 | AH59: Fulfillment Line | AI59: 8478401233219 | AK59: 6715101479235 | AL59: BeterBoompje zonder kluit - verzending - NORDMANN zonder kluit 150-175 cm | AM59: 8582045139267 | AP59: BeterBoompje zonder kluit - verzending - NORDMANN zonder kluit 150-175 cm | AQ59: ZONDER-160-170 | AR59: FALSE | AS59: FALSE
A60: #BB-25-7015 | B60: KLUIT-150175-VERZENDEN_TRGPLNTN | C60: 1 | D60: Shipping-Day: saturday Shipping-Date: 2025/11/29 Checkout-Method: shipping | E60: KLUIT-150175-VERZENDEN_TRGPLNTN | F60: BeterBoompje met Kluit - verzending | H60: 32670776262979 | K60: 49521175494979 | N60: G | O60: Reinen-van den Baar | P60: Gemmie | Q60: Reinen | R60: Gemmie Reinen | S60: geen bedrijf | T60: 0613445328 | U60: 2e de Riemerstraat, 146 | W60: 2513 CZ | X60: Den Haag | AA60: Netherlands | AB60: NL | AD60: beterboompje-met-kluit | AE60: DEFAULT | AG60: 10425665093955 | AH60: Line Item | AI60: 7467654545731 | AL60: BeterBoompje met Kluit - verzending - Picea Omorika met kluit 150-175 cm / Ja inclusief terugplant ticket (+€7.50) | AM60: 8582045139267 | AP60: Standard | AQ60: MET-150-175 | AR60: FALSE | AS60: TRUE
A61: #BB-25-7015 | D61: Shipping-Day: saturday Shipping-Date: 2025/11/29 Checkout-Method: shipping | F61: een boom met kluit | H61: 9485331661123 | N61: G | O61: Reinen-van den Baar | P61: Gemmie | Q61: Reinen | R61: Gemmie Reinen | S61: geen bedrijf | T61: 0613445328 | U61: 2e de Riemerstraat, 146 | W61: 2513 CZ | X61: Den Haag | AA61: Netherlands | AB61: NL | AE61: DEFAULT | AG61: 10425665093955 | AH61: Shipping Line | AI61: 7467654545731 | AL61: een boom met kluit | AM61: 8590208368963 | AP61: BeterBoompje zonder kluit - verzending - NORDMANN zonder kluit 150-175 cm | AR61: FALSE | AS61: FALSE
A62: #BB-25-7023 | B62: ZNDRKLUIT-140150 | C62: 1 | D62: Shipping-Day: thursday Shipping-Date: 2025/11/27 Checkout-Method: shipping | E62: ZNDRKLUIT-140150 | F62: BeterBoompje zonder kluit - verzending | G62: fulfilled | H62: 32674018525507 | I62: fulfilled | K62: 42085703549171 | N62: Lysanne | O62: Merkestein | P62: Lysanne | Q62: Merkestein | R62: Lysanne Merkestein | T62: 0653526471 | U62: DUYVENDAKSTRAAT 1 | W62: 2313 PZ | X62: Leiden | AA62: Netherlands | AB62: NL | AD62: echte-duurzame-nordmann-kerstboom | AE62: DEFAULT | AG62: 10427168457027 | AH62: Line Item | AI62: 6469772607731 | AL62: BeterBoompje zonder kluit - verzending - NORDMANN zonder kluit 125-150 cm | AM62: 8590208368963 | AP62: Standard | AQ62: ZONDER-140-150 | AR62: FALSE | AS62: FALSE
A63: #BB-25-7023 | D63: Shipping-Day: thursday Shipping-Date: 2025/11/27 Checkout-Method: shipping | F63: Standard | H63: 9486651982147 | I63: fulfilled | N63: Lysanne | O63: Merkestein | P63: Lysanne | Q63: Merkestein | R63: Lysanne Merkestein | T63: 0653526471 | U63: DUYVENDAKSTRAAT 1 | W63: 2313 PZ | X63: Leiden | AA63: Netherlands | AB63: NL | AE63: DEFAULT | AG63: 10427168457027 | AH63: Shipping Line | AI63: 6469772607731 | AL63: Standard | AM63: 23403781849411 | AP63: BeterBoompje met Kluit - verzending - Picea Omorika met kluit 150-175 cm / Ja inclusief terugplant ticket (+€7.50) | AR63: FALSE | AS63: FALSE
A64: #BB-25-7023 | B64: ZNDRKLUIT-140150 | C64: -1 | D64: Shipping-Day: thursday Shipping-Date: 2025/11/27 Checkout-Method: shipping | E64: ZNDRKLUIT-140150 | F64: BeterBoompje zonder kluit - verzending | G64: fulfilled | H64: 32674018525507 | I64: fulfilled | K64: 42085703549171 | L64: success | M64: https://ws01.ffdx.net/v4/etrack_blank.aspx?stid=SKYNET&viewtype=&cn=006562545640 | N64: Lysanne | O64: Merkestein | P64: Lysanne | Q64: Merkestein | R64: Lysanne Merkestein | T64: 0653526471 | U64: DUYVENDAKSTRAAT 1 | W64: 2313 PZ | X64: Leiden | AA64: Netherlands | AB64: NL | AD64: echte-duurzame-nordmann-kerstboom | AE64: DEFAULT | AG64: 10427168457027 | AH64: Fulfillment Line | AI64: 6469772607731 | AK64: 6714601013571 | AL64: BeterBoompje zonder kluit - verzending - NORDMANN zonder kluit 125-150 cm | AM64: 23403781849411 | AP64: een boom met kluit | AQ64: ZONDER-140-150 | AR64: FALSE | AS64: FALSE
A65: #BB-25-6999 | B65: ZNDRKLUIT-140150 | C65: 1 | D65: Shipping-Day: friday Shipping-Date: 2025/11/28 Checkout-Method: shipping | E65: ZNDRKLUIT-140150 | F65: BeterBoompje zonder kluit - verzending | H65: 32666766016835 | K65: 42085703549171 | N65: Maud | O65: van Sandick | P65: Maud | Q65: van Sandick | R65: Maud van Sandick | T65: 0638448473 | U65: Javastraat 121 | W65: 2585 AH | X65: Den Haag | AA65: Netherlands | AB65: NL | AD65: echte-duurzame-nordmann-kerstboom | AE65: DEFAULT | AG65: 10423817208131 | AH65: Line Item | AI65: 23377045225795 | AL65: BeterBoompje zonder kluit - verzending - NORDMANN zonder kluit 125-150 cm | AM65: 23400941420867 | AP65: Standard | AQ65: ZONDER-140-150 | AR65: FALSE | AS65: FALSE
A66: #BB-25-6999 | D66: Shipping-Day: friday Shipping-Date: 2025/11/28 Checkout-Method: shipping | F66: Standard | H66: 9483703124291 | N66: Maud | O66: van Sandick | P66: Maud | Q66: van Sandick | R66: Maud van Sandick | T66: 0638448473 | U66: Javastraat 121 | W66: 2585 AH | X66: Den Haag | AA66: Netherlands | AB66: NL | AE66: DEFAULT | AG66: 10423817208131 | AH66: Shipping Line | AI66: 23377045225795 | AL66: Standard | AM66: 5971319161075 | AP66: BeterBoompje met Kluit - verzending - Picea Omorika met kluit 100-125 cm / Ja inclusief terugplant ticket (+€7.50) | AR66: FALSE | AS66: FALSE
A67: #BB-25-7027 | B67: KLUIT-150175-VERZENDEN_TRGPLNTN | C67: 2 | D67: Shipping-Day: thursday Shipping-Date: 2025/11/27 Checkout-Method: shipping | E67: KLUIT-150175-VERZENDEN_TRGPLNTN | F67: BeterBoompje met Kluit - verzending | G67: fulfilled | H67: 32676109713731 | I67: fulfilled | K67: 49521175494979 | N67: Brenda | O67: Kamphuis | P67: Brenda | Q67: Kamphuis | R67: Brenda Kamphuis | S67: De Rotterdam Tours | T67: 0629242525 | U67: Paul Krugerstraat 12D | V67: D | W67: 3072 GL | X67: Rotterdam | AA67: Netherlands | AB67: NL | AD67: beterboompje-met-kluit | AE67: DEFAULT | AG67: 10428154937667 | AH67: Line Item | AI67: 7472085795139 | AL67: BeterBoompje met Kluit - verzending - Picea Omorika met kluit 150-175 cm / Ja inclusief terugplant ticket (+€7.50) | AM67: 5971319161075 | AP67: een boom met kluit | AQ67: MET-150-175 | AR67: FALSE | AS67: TRUE
A68: #BB-25-7027 | D68: Shipping-Day: thursday Shipping-Date: 2025/11/27 Checkout-Method: shipping | F68: Twee bomen met kluit | H68: 9487476621635 | I68: fulfilled | N68: Brenda | O68: Kamphuis | P68: Brenda | Q68: Kamphuis | R68: Brenda Kamphuis | S68: De Rotterdam Tours | T68: 0629242525 | U68: Paul Krugerstraat 12D | V68: D | W68: 3072 GL | X68: Rotterdam | AA68: Netherlands | AB68: NL | AE68: DEFAULT | AG68: 10428154937667 | AH68: Shipping Line | AI68: 7472085795139 | AL68: Twee bomen met kluit | AM68: 6472867315955 | AP68: BeterBoompje zonder kluit - verzending - NORDMANN zonder kluit 150-175 cm | AR68: FALSE | AS68: FALSE
A69: #BB-25-7027 | B69: KLUIT-150175-VERZENDEN_TRGPLNTN | C69: -2 | D69: Shipping-Day: thursday Shipping-Date: 2025/11/27 Checkout-Method: shipping | E69: KLUIT-150175-VERZENDEN_TRGPLNTN | F69: BeterBoompje met Kluit - verzending | G69: fulfilled | H69: 32676109713731 | I69: fulfilled | K69: 49521175494979 | L69: success | M69: https://ws01.ffdx.net/v4/etrack_blank.aspx?stid=SKYNET&viewtype=&cn=006562533574 | N69: Brenda | O69: Kamphuis | P69: Brenda | Q69: Kamphuis | R69: Brenda Kamphuis | S69: De Rotterdam Tours | T69: 0629242525 | U69: Paul Krugerstraat 12D | V69: D | W69: 3072 GL | X69: Rotterdam | AA69: Netherlands | AB69: NL | AD69: beterboompje-met-kluit | AE69: DEFAULT | AG69: 10428154937667 | AH69: Fulfillment Line | AI69: 7472085795139 | AK69: 6714600915267 | AL69: BeterBoompje met Kluit - verzending - Picea Omorika met kluit 150-175 cm / Ja inclusief terugplant ticket (+€7.50) | AM69: 6472867315955 | AP69: Standard | AQ69: MET-150-175 | AR69: FALSE | AS69: TRUE
A70: #BB-25-7041 | B70: KLUIT-175200-VERZENDEN | C70: 1 | D70: Shipping-Day: thursday Shipping-Date: 2025/11/27 Checkout-Method: shipping | E70: KLUIT-175200-VERZENDEN | F70: BeterBoompje met Kluit - verzending | G70: fulfilled | H70: 32678211060035 | I70: fulfilled | K70: 47338059825475 | N70: Camila | O70: Perez | P70: Camila | Q70: Perez | R70: Camila Perez | S70: Crobox Services B.V | T70: 0687841100 | U70: kloveniersburgwal 131H | W70: 1011 KD | X70: Amsterdam | AA70: Netherlands | AB70: NL | AD70: beterboompje-met-kluit | AE70: DEFAULT | AG70: 10429118710083 | AH70: Line Item | AI70: 23384145133891 | AL70: BeterBoompje met Kluit - verzending - Picea Omorika met kluit 175-200 cm / Nee geen terugplant ticket | AM70: 8609434665283 | AP70: BeterBoompje zonder kluit - verzending - NORDMANN zonder kluit 125-150 cm | AQ70: MET-175-200 | AR70: FALSE | AS70: FALSE
A71: #BB-25-7041 | D71: Shipping-Day: thursday Shipping-Date: 2025/11/27 Checkout-Method: shipping | F71: een boom met kluit | H71: 9488358080835 | I71: fulfilled | N71: Camila | O71: Perez | P71: Camila | Q71: Perez | R71: Camila Perez | S71: Crobox Services B.V | T71: 0687841100 | U71: kloveniersburgwal 131H | W71: 1011 KD | X71: Amsterdam | AA71: Netherlands | AB71: NL | AE71: DEFAULT | AG71: 10429118710083 | AH71: Shipping Line | AI71: 23384145133891 | AL71: een boom met kluit | AM71: 8609434665283 | AP71: Standard | AR71: FALSE | AS71: FALSE
A72: #BB-25-7041 | B72: KLUIT-175200-VERZENDEN | C72: -1 | D72: Shipping-Day: thursday Shipping-Date: 2025/11/27 Checkout-Method: shipping | E72: KLUIT-175200-VERZENDEN | F72: BeterBoompje met Kluit - verzending | G72: fulfilled | H72: 32678211060035 | I72: fulfilled | K72: 47338059825475 | L72: success | N72: Camila | O72: Perez | P72: Camila | Q72: Perez | R72: Camila Perez | S72: Crobox Services B.V | T72: 0687841100 | U72: kloveniersburgwal 131H | W72: 1011 KD | X72: Amsterdam | AA72: Netherlands | AB72: NL | AD72: beterboompje-met-kluit | AE72: DEFAULT | AG72: 10429118710083 | AH72: Fulfillment Line | AI72: 23384145133891 | AK72: 6714641711427 | AL72: BeterBoompje met Kluit - verzending - Picea Omorika met kluit 175-200 cm / Nee geen terugplant ticket | AM72: 8659858358595 | AP72: BeterBoompje met Kluit - verzending - Picea Omorika met kluit 150-175 cm / Ja inclusief terugplant ticket (+€7.50) | AQ72: MET-175-200 | AR72: FALSE | AS72: FALSE
A73: #BB-25-7042 | B73: ZNDRKLUIT-160170 | C73: 1 | D73: Checkout-Method: shipping Shipping-Day: wednesday Shipping-Date: 2025/12/17 | E73: ZNDRKLUIT-160170 | F73: BeterBoompje zonder kluit - verzending | H73: 32678306021699 | K73: 42085703581939 | N73: Shirley | O73: Lam | P73: Shirley | Q73: Lam | R73: Shirley Lam | T73: 0641874465 | U73: Wijnand Nuijenstraat 93 | W73: 1061 WB | X73: Amsterdam | AA73: Netherlands | AB73: NL | AD73: echte-duurzame-nordmann-kerstboom | AE73: DEFAULT | AG73: 10429155508547 | AH73: Line Item | AI73: 6445327286515 | AL73: BeterBoompje zonder kluit - verzending - NORDMANN zonder kluit 150-175 cm | AM73: 8659858358595 | AP73: een boom met kluit | AQ73: ZONDER-160-170 | AR73: FALSE | AS73: FALSE
A74: #BB-25-7042 | D74: Checkout-Method: shipping Shipping-Day: wednesday Shipping-Date: 2025/12/17 | F74: Standard | H74: 9488389308739 | N74: Shirley | O74: Lam | P74: Shirley | Q74: Lam | R74: Shirley Lam | T74: 0641874465 | U74: Wijnand Nuijenstraat 93 | W74: 1061 WB | X74: Amsterdam | AA74: Netherlands | AB74: NL | AE74: DEFAULT | AG74: 10429155508547 | AH74: Shipping Line | AI74: 6445327286515 | AL74: Standard | AM74: 6428557213939 | AP74: BeterBoompje zonder kluit - verzending - NORDMANN zonder kluit 150-175 cm | AR74: FALSE | AS74: FALSE
A75: #BB-25-7045 | B75: ZNDRKLUIT-160170 | C75: 1 | D75: Shipping-Day: thursday Shipping-Date: 2025/12/11 Checkout-Method: shipping | E75: ZNDRKLUIT-160170 | F75: BeterBoompje zonder kluit - verzending | H75: 32678876414275 | K75: 42085703581939 | N75: vanessa | O75: janssens | P75: Vanessa | Q75: Janssens | R75: Vanessa Janssens | T75: 0485622698 | U75: Karel Boomstraat 13 | V75: 1 | W75: 2320 | X75: Hoogstraten | AA75: Belgium | AB75: BE | AD75: echte-duurzame-nordmann-kerstboom | AE75: DEFAULT | AG75: 10429425287491 | AH75: Line Item | AI75: 8500233109827 | AL75: BeterBoompje zonder kluit - verzending - NORDMANN zonder kluit 150-175 cm | AM75: 6428557213939 | AP75: Standard | AQ75: ZONDER-160-170 | AR75: FALSE | AS75: FALSE
A76: #BB-25-7045 | D76: Shipping-Day: thursday Shipping-Date: 2025/12/11 Checkout-Method: shipping | F76: Tarfief Belgie | H76: 9488607904067 | N76: vanessa | O76: janssens | P76: Vanessa | Q76: Janssens | R76: Vanessa Janssens | T76: 0485622698 | U76: Karel Boomstraat 13 | V76: 1 | W76: 2320 | X76: Hoogstraten | AA76: Belgium | AB76: BE | AE76: DEFAULT | AG76: 10429425287491 | AH76: Shipping Line | AI76: 8500233109827 | AL76: Tarfief Belgie | AM76: 23404690178371 | AP76: een boom met kluit | AR76: FALSE | AS76: FALSE
A77: #BB-25-7046 | B77: KLUIT-175200-VERZENDEN_TRGPLNTN | C77: 1 | D77: Shipping-Day: thursday Shipping-Date: 2025/11/27 Checkout-Method: shipping | E77: KLUIT-175200-VERZENDEN_TRGPLNTN | F77: BeterBoompje met Kluit - verzending | G77: fulfilled | H77: 32679527874883 | I77: fulfilled | K77: 49521175527747 | N77: Sanne | O77: Bekkema | P77: Sanne | Q77: Bekkema | R77: Sanne Bekkema | S77: Energie Samen | T77: 0621954715 | U77: Australiëlaan 5-13 | W77: 3526 AB | X77: Utrecht | AA77: Netherlands | AB77: NL | AD77: beterboompje-met-kluit | AE77: DEFAULT | AG77: 10429725442371 | AH77: Line Item | AI77: 23384829395267 | AL77: BeterBoompje met Kluit - verzending - Picea Omorika met kluit 175-200 cm / Ja inclusief terugplant ticket (+€7.50) | AM77: 6485054816499 | AP77: BeterBoompje zonder kluit - verzending - NORDMANN zonder kluit 150-175 cm | AQ77: MET-175-200 | AR77: FALSE | AS77: TRUE
A78: #BB-25-7046 | D78: Shipping-Day: thursday Shipping-Date: 2025/11/27 Checkout-Method: shipping | F78: een boom met kluit | H78: 9488836952387 | I78: fulfilled | N78: Sanne | O78: Bekkema | P78: Sanne | Q78: Bekkema | R78: Sanne Bekkema | S78: Energie Samen | T78: 0621954715 | U78: Australiëlaan 5-13 | W78: 3526 AB | X78: Utrecht | AA78: Netherlands | AB78: NL | AE78: DEFAULT | AG78: 10429725442371 | AH78: Shipping Line | AI78: 23384829395267 | AL78: een boom met kluit | AM78: 23398529794371 | AP78: BeterBoompje zonder kluit - verzending - NORDMANN zonder kluit 150-175 cm | AR78: FALSE | AS78: FALSE
A79: #BB-25-7046 | B79: KLUIT-175200-VERZENDEN_TRGPLNTN | C79: -1 | D79: Shipping-Day: thursday Shipping-Date: 2025/11/27 Checkout-Method: shipping | E79: KLUIT-175200-VERZENDEN_TRGPLNTN | F79: BeterBoompje met Kluit - verzending | G79: fulfilled | H79: 32679527874883 | I79: fulfilled | K79: 49521175527747 | L79: success | N79: Sanne | O79: Bekkema | P79: Sanne | Q79: Bekkema | R79: Sanne Bekkema | S79: Energie Samen | T79: 0621954715 | U79: Australiëlaan 5-13 | W79: 3526 AB | X79: Utrecht | AA79: Netherlands | AB79: NL | AD79: beterboompje-met-kluit | AE79: DEFAULT | AG79: 10429725442371 | AH79: Fulfillment Line | AI79: 23384829395267 | AK79: 6714644234563 | AL79: BeterBoompje met Kluit - verzending - Picea Omorika met kluit 175-200 cm / Ja inclusief terugplant ticket (+€7.50) | AM79: 23398529794371 | AP79: Standard | AQ79: MET-175-200 | AR79: FALSE | AS79: TRUE
A80: #BB-25-7051 | B80: ZNDRKLUIT-160170 | C80: 1 | D80: Shipping-Day: friday Shipping-Date: 2025/12/05 Checkout-Method: shipping | E80: ZNDRKLUIT-160170 | F80: BeterBoompje zonder kluit - verzending | H80: 32680184283459 | K80: 42085703581939 | N80: Yvonne | O80: Vervoort | P80: Yvonne | Q80: Vervoort | R80: Yvonne Vervoort | T80: 0681332100 | U80: Heuvel 17 | W80: 5463 XC | X80: Veghel | AA80: Netherlands | AB80: NL | AD80: echte-duurzame-nordmann-kerstboom | AE80: DEFAULT | AG80: 10430025498947 | AH80: Line Item | AI80: 7465970532675 | AL80: BeterBoompje zonder kluit - verzending - NORDMANN zonder kluit 150-175 cm | AM80: 8632737136963 | AP80: BeterBoompje zonder kluit - verzending - NORDMANN zonder kluit 125-150 cm | AQ80: ZONDER-160-170 | AR80: FALSE | AS80: FALSE
A81: #BB-25-7051 | D81: Shipping-Day: friday Shipping-Date: 2025/12/05 Checkout-Method: shipping | F81: Standard | H81: 9489090249027 | N81: Yvonne | O81: Vervoort | P81: Yvonne | Q81: Vervoort | R81: Yvonne Vervoort | T81: 0681332100 | U81: Heuvel 17 | W81: 5463 XC | X81: Veghel | AA81: Netherlands | AB81: NL | AE81: DEFAULT | AG81: 10430025498947 | AH81: Shipping Line | AI81: 7465970532675 | AL81: Standard | AM81: 6444521128179 | AP81: BeterBoompje zonder kluit - verzending - NORDMANN zonder kluit 150-175 cm | AR81: FALSE | AS81: FALSE
A82: #BB-25-7025 | B82: ZNDRKLUIT-160170 | C82: 1 | D82: Shipping-Day: thursday Shipping-Date: 2025/11/27 Checkout-Method: shipping | E82: ZNDRKLUIT-160170 | F82: BeterBoompje zonder kluit - verzending | G82: fulfilled | H82: 32674105852227 | I82: fulfilled | K82: 42085703581939 | N82: Wietske | O82: Geijteman | P82: Wietske | Q82: Geijteman | R82: Wietske Geijteman | S82: Particulier | T82: +31615673049 | U82: Roodborstje | V82: 9 | W82: 1628 CT | X82: Hoorn | AA82: Netherlands | AB82: NL | AD82: echte-duurzame-nordmann-kerstboom | AE82: DEFAULT | AG82: 10427211022659 | AH82: Line Item | AI82: 23377705926979 | AL82: BeterBoompje zonder kluit - verzending - NORDMANN zonder kluit 150-175 cm | AM82: 6444521128179 | AP82: Standard | AQ82: ZONDER-160-170 | AR82: FALSE | AS82: FALSE
A83: #BB-25-7025 | D83: Shipping-Day: thursday Shipping-Date: 2025/11/27 Checkout-Method: shipping | F83: Standard | H83: 9486692778307 | I83: fulfilled | N83: Wietske | O83: Geijteman | P83: Wietske | Q83: Geijteman | R83: Wietske Geijteman | S83: Particulier | T83: +31615673049 | U83: Roodborstje | V83: 9 | W83: 1628 CT | X83: Hoorn | AA83: Netherlands | AB83: NL | AE83: DEFAULT | AG83: 10427211022659 | AH83: Shipping Line | AI83: 23377705926979 | AL83: Standard | AM83: 8631314317635 | AP83: BeterBoompje zonder kluit - verzending - NORDMANN zonder kluit 125-150 cm | AR83: FALSE | AS83: FALSE
A84: #BB-25-7025 | B84: ZNDRKLUIT-160170 | C84: -1 | D84: Shipping-Day: thursday Shipping-Date: 2025/11/27 Checkout-Method: shipping | E84: ZNDRKLUIT-160170 | F84: BeterBoompje zonder kluit - verzending | G84: fulfilled | H84: 32674105852227 | I84: fulfilled | K84: 42085703581939 | L84: success | M84: https://ws01.ffdx.net/v4/etrack_blank.aspx?stid=SKYNET&viewtype=&cn=006562533585 | N84: Wietske | O84: Geijteman | P84: Wietske | Q84: Geijteman | R84: Wietske Geijteman | S84: Particulier | T84: +31615673049 | U84: Roodborstje | V84: 9 | W84: 1628 CT | X84: Hoorn | AA84: Netherlands | AB84: NL | AD84: echte-duurzame-nordmann-kerstboom | AE84: DEFAULT | AG84: 10427211022659 | AH84: Fulfillment Line | AI84: 23377705926979 | AK84: 6714600980803 | AL84: BeterBoompje zonder kluit - verzending - NORDMANN zonder kluit 150-175 cm | AM84: 8631314317635 | AP84: BeterBoompje zonder kluit - verzending - NORDMANN zonder kluit 150-175 cm | AQ84: ZONDER-160-170 | AR84: FALSE | AS84: FALSE
A85: #BB-25-7056 | B85: KLUIT-150175-VERZENDEN | C85: 1 | D85: Shipping-Day: thursday Shipping-Date: 2025/11/27 Checkout-Method: shipping | E85: KLUIT-150175-VERZENDEN | F85: BeterBoompje met Kluit - verzending | G85: fulfilled | H85: 32682008084803 | I85: fulfilled | K85: 47338059792707 | N85: Michael | O85: Van Antwerpen | P85: Michael | Q85: Van Antwerpen | R85: Michael Van Antwerpen | T85: 0620468039 | U85: Kapelstraat 16 | W85: 3572 CM | X85: Utrecht | AA85: Netherlands | AB85: NL | AD85: beterboompje-met-kluit | AE85: DEFAULT | AG85: 10430856659267 | AH85: Line Item | AI85: 23386351108419 | AL85: BeterBoompje met Kluit - verzending - Picea Omorika met kluit 150-175 cm / Nee geen terugplant ticket | AM85: 8631314317635 | AP85: Tweebomen | AQ85: MET-150-175 | AR85: FALSE | AS85: FALSE
A86: #BB-25-7056 | D86: Shipping-Day: thursday Shipping-Date: 2025/11/27 Checkout-Method: shipping | F86: een boom met kluit | H86: 9489854267715 | I86: fulfilled | N86: Michael | O86: Van Antwerpen | P86: Michael | Q86: Van Antwerpen | R86: Michael Van Antwerpen | T86: 0620468039 | U86: Kapelstraat 16 | W86: 3572 CM | X86: Utrecht | AA86: Netherlands | AB86: NL | AE86: DEFAULT | AG86: 10430856659267 | AH86: Shipping Line | AI86: 23386351108419 | AL86: een boom met kluit | AM86: 23397887312195 | AP86: BeterBoompje zonder kluit - verzending - NORDMANN zonder kluit 150-175 cm | AR86: FALSE | AS86: FALSE
A87: #BB-25-7056 | B87: KLUIT-150175-VERZENDEN | C87: -1 | D87: Shipping-Day: thursday Shipping-Date: 2025/11/27 Checkout-Method: shipping | E87: KLUIT-150175-VERZENDEN | F87: BeterBoompje met Kluit - verzending | G87: fulfilled | H87: 32682008084803 | I87: fulfilled | K87: 47338059792707 | L87: success | M87: https://ws01.ffdx.net/v4/etrack_blank.aspx?stid=SKYNET&viewtype=&cn=006562543116 | N87: Michael | O87: Van Antwerpen | P87: Michael | Q87: Van Antwerpen | R87: Michael Van Antwerpen | T87: 0620468039 | U87: Kapelstraat 16 | W87: 3572 CM | X87: Utrecht | AA87: Netherlands | AB87: NL | AD87: beterboompje-met-kluit | AE87: DEFAULT | AG87: 10430856659267 | AH87: Fulfillment Line | AI87: 23386351108419 | AK87: 6714600849731 | AL87: BeterBoompje met Kluit - verzending - Picea Omorika met kluit 150-175 cm / Nee geen terugplant ticket | AM87: 23397887312195 | AP87: Standard | AQ87: MET-150-175 | AR87: FALSE | AS87: FALSE
A88: #BB-25-7060 | B88: ZNDRKLUIT-160170 | C88: 1 | D88: Shipping-Day: friday Shipping-Date: 2025/12/05 Checkout-Method: shipping | E88: ZNDRKLUIT-160170 | F88: BeterBoompje zonder kluit - verzending | H88: 32682493575491 | K88: 42085703581939 | N88: Sabrina | O88: de Haseth | P88: Sabrina | Q88: de Haseth | R88: Sabrina de Haseth | T88: 0633104239 | U88: Mijnsherenlaan 64D | W88: 3081 CD | X88: Rotterdam | AA88: Netherlands | AB88: NL | AD88: echte-duurzame-nordmann-kerstboom | AE88: DEFAULT | AG88: 10431075811651 | AH88: Line Item | AI88: 6480048554227 | AL88: BeterBoompje zonder kluit - verzending - NORDMANN zonder kluit 150-175 cm | AM88: 23398498435395 | AP88: BeterBoompje met Kluit - verzending - Picea Omorika met kluit 150-175 cm / Nee geen terugplant ticket | AQ88: ZONDER-160-170 | AR88: FALSE | AS88: FALSE
A89: #BB-25-7060 | D89: Shipping-Day: friday Shipping-Date: 2025/12/05 Checkout-Method: shipping | F89: Standard | H89: 9490031313219 | N89: Sabrina | O89: de Haseth | P89: Sabrina | Q89: de Haseth | R89: Sabrina de Haseth | T89: 0633104239 | U89: Mijnsherenlaan 64D | W89: 3081 CD | X89: Rotterdam | AA89: Netherlands | AB89: NL | AE89: DEFAULT | AG89: 10431075811651 | AH89: Shipping Line | AI89: 6480048554227 | AL89: Standard | AM89: 7457167900995 | AP89: BeterBoompje zonder kluit - verzending - NORDMANN zonder kluit 150-175 cm | AR89: FALSE | AS89: FALSE
A90: #BB-25-7061 | B90: KLUIT-125150-VERZENDEN_TRGPLNTN | C90: 1 | D90: Shipping-Day: thursday Shipping-Date: 2025/11/27 Checkout-Method: shipping | E90: KLUIT-125150-VERZENDEN_TRGPLNTN | F90: BeterBoompje met Kluit - verzending | G90: fulfilled | H90: 32682606756163 | I90: fulfilled | K90: 49521175462211 | N90: Rosalyn | O90: van houwelingen | P90: Rosalyn | Q90: van houwelingen | R90: Rosalyn van houwelingen | T90: 0621585800 | U90: Pluim-es 7 | W90: 2925 CL | X90: Krimpen aan den ijssel | AA90: Netherlands | AB90: NL | AD90: beterboompje-met-kluit | AE90: DEFAULT | AG90: 10431126143299 | AH90: Line Item | AI90: 23386805076291 | AL90: BeterBoompje met Kluit - verzending - Picea Omorika met kluit 125-150 cm / Ja inclusief terugplant ticket (+€7.50) | AM90: 5959831879923 | AP90: BeterBoompje zonder kluit - verzending - NORDMANN zonder kluit 125-150 cm | AQ90: MET-125-150 | AR90: FALSE | AS90: TRUE
A91: #BB-25-7061 | D91: Shipping-Day: thursday Shipping-Date: 2025/11/27 Checkout-Method: shipping | F91: een boom met kluit | H91: 9490069291331 | I91: fulfilled | N91: Rosalyn | O91: van houwelingen | P91: Rosalyn | Q91: van houwelingen | R91: Rosalyn van houwelingen | T91: 0621585800 | U91: Pluim-es 7 | W91: 2925 CL | X91: Krimpen aan den ijssel | AA91: Netherlands | AB91: NL | AE91: DEFAULT | AG91: 10431126143299 | AH91: Shipping Line | AI91: 23386805076291 | AL91: een boom met kluit | AM91: 8597518319939 | AP91: BeterBoompje met Kluit - verzending - Picea Omorika met kluit 175-200 cm / Ja inclusief terugplant ticket (+€7.50) | AR91: FALSE | AS91: FALSE
A92: #BB-25-7061 | B92: KLUIT-125150-VERZENDEN_TRGPLNTN | C92: -1 | D92: Shipping-Day: thursday Shipping-Date: 2025/11/27 Checkout-Method: shipping | E92: KLUIT-125150-VERZENDEN_TRGPLNTN | F92: BeterBoompje met Kluit - verzending | G92: fulfilled | H92: 32682606756163 | I92: fulfilled | K92: 49521175462211 | L92: success | M92: https://ws01.ffdx.net/v4/etrack_blank.aspx?stid=SKYNET&viewtype=&cn=006562545975 | N92: Rosalyn | O92: van houwelingen | P92: Rosalyn | Q92: van houwelingen | R92: Rosalyn van houwelingen | T92: 0621585800 | U92: Pluim-es 7 | W92: 2925 CL | X92: Krimpen aan den ijssel | AA92: Netherlands | AB92: NL | AD92: beterboompje-met-kluit | AE92: DEFAULT | AG92: 10431126143299 | AH92: Fulfillment Line | AI92: 23386805076291 | AK92: 6714600816963 | AL92: BeterBoompje met Kluit - verzending - Picea Omorika met kluit 125-150 cm / Ja inclusief terugplant ticket (+€7.50) | AM92: 8597518319939 | AP92: een boom met kluit | AQ92: MET-125-150 | AR92: FALSE | AS92: TRUE
A93: #BB-25-7073 | B93: ZNDRKLUIT-160170 | C93: 1 | D93: Shipping-Day: thursday Shipping-Date: 2025/11/27 Checkout-Method: shipping | E93: ZNDRKLUIT-160170 | F93: BeterBoompje zonder kluit - verzending | G93: fulfilled | H93: 32685561315651 | I93: fulfilled | K93: 42085703581939 | N93: Rochelle | O93: Niemeijer | P93: Rochelle | Q93: Niemeijer | R93: Rochelle Niemeijer | T93: +31612309456 | U93: Burmanstraat 12-2 | W93: 1091 SJ | X93: Amsterdam | AA93: Netherlands | AB93: NL | AD93: echte-duurzame-nordmann-kerstboom | AE93: DEFAULT | AG93: 10432438534467 | AH93: Line Item | AI93: 23389228466499 | AL93: BeterBoompje zonder kluit - verzending - NORDMANN zonder kluit 150-175 cm | AM93: 23396904763715 | AP93: BeterBoompje zonder kluit - verzending - NORDMANN zonder kluit 125-150 cm | AQ93: ZONDER-160-170 | AR93: FALSE | AS93: FALSE
A94: #BB-25-7073 | D94: Shipping-Day: thursday Shipping-Date: 2025/11/27 Checkout-Method: shipping | F94: Standard | H94: 9491205849411 | I94: fulfilled | N94: Rochelle | O94: Niemeijer | P94: Rochelle | Q94: Niemeijer | R94: Rochelle Niemeijer | T94: +31612309456 | U94: Burmanstraat 12-2 | W94: 1091 SJ | X94: Amsterdam | AA94: Netherlands | AB94: NL | AE94: DEFAULT | AG94: 10432438534467 | AH94: Shipping Line | AI94: 23389228466499 | AL94: Standard | AM94: 23396904763715 | AP94: Standard | AR94: FALSE | AS94: FALSE
A95: #BB-25-7073 | B95: ZNDRKLUIT-160170 | C95: -1 | D95: Shipping-Day: thursday Shipping-Date: 2025/11/27 Checkout-Method: shipping | E95: ZNDRKLUIT-160170 | F95: BeterBoompje zonder kluit - verzending | G95: fulfilled | H95: 32685561315651 | I95: fulfilled | K95: 42085703581939 | L95: success | M95: https://ws01.ffdx.net/v4/etrack_blank.aspx?stid=SKYNET&viewtype=&cn=006562533563 | N95: Rochelle | O95: Niemeijer | P95: Rochelle | Q95: Niemeijer | R95: Rochelle Niemeijer | T95: +31612309456 | U95: Burmanstraat 12-2 | W95: 1091 SJ | X95: Amsterdam | AA95: Netherlands | AB95: NL | AD95: echte-duurzame-nordmann-kerstboom | AE95: DEFAULT | AG95: 10432438534467 | AH95: Fulfillment Line | AI95: 23389228466499 | AK95: 6714600784195 | AL95: BeterBoompje zonder kluit - verzending - NORDMANN zonder kluit 150-175 cm | AM95: 7449834815811 | AP95: BeterBoompje zonder kluit - verzending - NORDMANN zonder kluit 125-150 cm | AQ95: ZONDER-160-170 | AR95: FALSE | AS95: FALSE
A96: #BB-25-7052 | B96: ZNDRKLUIT-140150 | C96: 1 | D96: Shipping-Day: thursday Shipping-Date: 2025/11/27 Checkout-Method: shipping | E96: ZNDRKLUIT-140150 | F96: BeterBoompje zonder kluit - verzending | G96: fulfilled | H96: 32680442167619 | I96: fulfilled | K96: 42085703549171 | N96: Rebekah | O96: Mays | P96: Rebekah | Q96: Mays | R96: Rebekah Mays | T96: 0611624432 | U96: Usselincxstraat 11 | W96: 2593 VG | X96: Den Haag | AA96: Netherlands | AB96: NL | AD96: echte-duurzame-nordmann-kerstboom | AE96: DEFAULT | AG96: 10430142054723 | AH96: Line Item | AI96: 23381105606979 | AL96: BeterBoompje zonder kluit - verzending - NORDMANN zonder kluit 125-150 cm | AM96: 7449834815811 | AP96: Standard | AQ96: ZONDER-140-150 | AR96: FALSE | AS96: FALSE
A97: #BB-25-7052 | D97: Shipping-Day: thursday Shipping-Date: 2025/11/27 Checkout-Method: shipping | F97: percentage | I97: fulfilled | N97: Rebekah | O97: Mays | P97: Rebekah | Q97: Mays | R97: Rebekah Mays | T97: 0611624432 | U97: Usselincxstraat 11 | W97: 2593 VG | X97: Den Haag | AA97: Netherlands | AB97: NL | AE97: DEFAULT | AG97: 10430142054723 | AH97: Discount | AI97: 23381105606979 | AL97: BETERBOOMPJE5BKCXBFMG | AM97: 23396877435203 | AP97: BeterBoompje met Kluit - verzending - Picea Omorika met kluit 175-200 cm / Nee geen terugplant ticket | AR97: FALSE | AS97: FALSE
A98: #BB-25-7052 | D98: Shipping-Day: thursday Shipping-Date: 2025/11/27 Checkout-Method: shipping | F98: Standard | H98: 9489199497539 | I98: fulfilled | N98: Rebekah | O98: Mays | P98: Rebekah | Q98: Mays | R98: Rebekah Mays | T98: 0611624432 | U98: Usselincxstraat 11 | W98: 2593 VG | X98: Den Haag | AA98: Netherlands | AB98: NL | AE98: DEFAULT | AG98: 10430142054723 | AH98: Shipping Line | AI98: 23381105606979 | AL98: Standard | AM98: 23396877435203 | AP98: een boom met kluit | AR98: FALSE | AS98: FALSE
